id	type	readings
l-3675_2	graph	moi (HPVFGASR)|moy (M)
l-3675_3	graph	li (HVFSR)|lui (PGA)|ly (M)
l-3675_4	graph	grant (HPVGARM)|grans (FS)
l-3675_5	graph	corroz (HV)|courous (PAS)|coros (FR)|corouz (G)|coros (R)|corrouz (M)
l-3676_2	graph	An (H)|En (PVFGASRM)
l-3676_3	graph	plainne (HA)|plaine (PFSR)|pleine (VGM)
l-3676_4	graph	cort (HVFGASR)|court (PM)
l-3676_5	semlex:major	et (HPVGASRM)|dist (F)
l-3676_6	semlex:major	 voiant (HPSRA)|oiant (FGAM)|devant (V)
l-3676_7	graph	veant (H)|voiant (PSRA)
l-3676_8	graph	toz (HV)|tous (PS)|tos (FAR)|touz (GM)
l-3677_3	morsynt	 Me (HPVGASMMod)|Li (R)
l-3677_4	graph	M' (H)|Me (PVGASMMod)
l-3677_6	semlex:major	 mist (HPV)|dist (GASRMMod)
l-3677_7	semlex:minor:constrmorph	amist (H)|mist (PV)
l-3677_9	semlex:minor:gramm	que (HVFGASRM)|sus (P)
l-3677_10	graph	por (HVFGAR)|pour (PSM)
l-3677_11	graph	vos (HVGAR)|vous (PFSM)
l-3677_12	morsynt	 oi (HVGP)|avoie (F)| ai (ASRM)
l-3677_13	graph	oi (HVG)|oy (P)
l-3677_14	graph	ai (ASR)|ay (M)
l-3677_15	graph	traie (HVFGASR)|traye (PM)
l-3678_2	graph	je (HPGASM)|ge (V)|jo (FR)
l-3678_3	graph	oi (HVFGA)|oy (PM)|euc (SR)
l-3678_4	semlex:minor:syn	 consel (HPFGRMA)|secors (V)|confort (S)
l-3678_5	graph	consoil (HM)|conseil (PG)|consel (FRA)
l-3678_6	graph	ne (HPVFGARM)|ni (S)
l-3678_7	graph	aie (HVFGASRM)|aye (P)
l-3679_3	semlex:minor:gramm	de (H)|que (PVRM)
l-3679_4	graph	moi (HPVFGASR)|moy (M)
l-3679_6	graph	seule (HPSM)|soule (V)|sole (FGA)
l-3679_7	graph	qui (HPVFGASM)|ki (R)
l-3679_9	semlex:minor:syn	bien (FGAS)|de fi (R)
l-3679_10	semlex:major	disoie (H)|savoie (PVFGASRM)
l-3680_1	graph	C' (HPVFGASR)|Q' (M)
l-3681_2	graph	Traison (HPVFGASR)|Trayson (M)
l-3681_3	semlex:major	 faite (HPGASR)|quise (V)|dite (M)
l-3681_4	graph	feite (H)|faite (PFASR)|fete (G)
l-3681_5	graph	pansee (H)|pensee (PVFGASRM)
l-3682_2	semlex:major	Sire por Deu (H)|Si respondi (PVFGASRM)
l-3682_3	semlex:minor:gramm	li (A)| com (HVFGPSRM)
l-3682_4	graph	com (HVF)|comme (PSR)|come (G)|con (M)
l-3682_5	semlex:minor:syn	 esfree (HPFGAM)|non senee (V)|dervee (SR)
l-3682_6	graph	esfree (HPFGA)|esfreee (M)
l-3683_2	graph	Tot (HVFGAR)|Tout (PSM)
l-3683_3	graph	sanz (HVGM)|sans (PFASR)
l-3683_4	graph	consoil (H)|conseil (PVGSM)|consel (FAR)
l-3683_5	graph	prendre (HPVGASRM)|prandre (F)
l-3684_4	graph	je (HPGASM)|ge (V)|jo (FR)
l-3684_5	graph	an (H)|en (PVFGASRM)
l-3684_6	graph	desfandre (HF)|desfendre (PVGASRM)
l-3685_2	semlex:minor:gramm	D' (HS)|Par (PVFGARM)
l-3685_3	graph	un (HS)|.i. (PVFGARM)
l-3685_4	semlex:minor:constrmorph	 ancontre (HS)|contre (PVFGARM)
l-3685_5	graph	ancontre (H)|encontre (S)
l-3685_6	graph	trois (HPVGA)|.iii. (FSRM)
l-3686_2	semlex:minor:gramm	 Onques (HPVASRMF)|Et (G)
l-3686_4	graph	chil (P)| cil (VGASRMH)|Cil (F)
l-3686_6	graph	fu (HPVFGASR)|fut (M)
l-3686_9	semlex:minor:gramm	pas (G)|onques (F)
l-3686_10	semlex:minor:syn	si (HPVR)|tant (FGASM)
l-3686_11	graph	cortois (HVFGRM)|courtois (PAS)
l-3687_2	graph	Que (HPVGRM)|Qu' (FS)|C' (A)
l-3687_3	semlex:minor:gramm	il (HPVFGSRM)|unques (A)
l-3687_5	graph	le (HPVFSRM)|li (A)
l-3687_7	semlex:minor:syn	 deignast (HPFGASRM)|vousist (V)
l-3687_8	graph	deignast (HPGM)|daignast (FA)|dennast (S)|dagnast (R)
l-3687_9	graph	refuser (HPVFGASM)|reffuser (R)
l-3688_2	graph	Ne (HPVGASRM)|N' (F)
l-3688_4	semlex:major	 resortir (HPVFASR)|repentir (G)|escondire (M)
l-3688_5	graph	ressortir (HR)|resortir (PVFAS)
l-3688_6	semlex:major	reuser (HVGSR)|esconser (P)|tanser (F)|reverser (A)|fauser (M)
l-3689_1	semlex:minor:gramm	m' en (HFSR)|me (PVGA)
l-3689_2	graph	en (FSR)|an (H)
l-3689_3	semlex:major	poi (H)|vaut (P)|lut (VFGASR)
l-3689_4	graph	por (HVFGAR)|pour (PS)
l-3689_5	graph	rien (HFAR)|riens (PVGS)
l-3689_6	graph	qu' (HPGAS)|q' (VF)|c' (R)
l-3690_2	semlex:major	 Ensia parole (HPVFGASR)|Mes des le premier mot (M)
l-3690_3	graph	Ensi (HFASR)|Ainsi (P)|Einsi (V)|Einsint (G)
l-3690_4	semlex:major	parole (HPVFGAR)|occoison (S)
l-3690_5	graph	prist (HVFGARM)|prinst (PS)
l-3691_2	semlex:minor:gramm	Si (HPVFSRM)|Et (G)|Lors (A)
l-3691_4	graph	covint (HVFGAR)|couvint (PS)|convint (M)
l-3691_5	semlex:major	  d' unchevalier (HPGAMV)|sans atargier (R)
l-3691_6	semlex:major:gramm	 d' un (HPGAMV)|al (F)|au (S)
l-3691_8	graph	un (HPGAM)|.i. (V)
l-3692_3	semlex:minor:constrmorph	Encontre (HPVFSRM)|contre (GA)
l-3692_4	graph	trois (HPG)|.iii. (VFASRM)
l-3693_4	semlex:minor:semsim	.xxx. (H)|.xl. (PVGASRM)|.lx. (F)
l-3693_5	graph	jorz (HG)|jours (PSRM)|jors (VFA)
l-3694_2	graph	ai (HPVFGASR)|ay (M)
l-3694_3	semlex:minor:gramm	a (VG)| en (HPFASRM)
l-3694_4	graph	an (H)|en (PFASRM)
l-3694_5	graph	maintes (HVFASRM)|mainte (P)|meintes (G)
l-3694_6	graph	corz (HG)|cours (PSM)|cors (VFAR)
l-3695_2	semlex:minor:gramm	A (HPVFGSR)|En (AM)
l-3695_3	graph	cort (HVFGAR)|court (PSM)
l-3695_4	semlex:minor:gramm	le (HPVGASRM)|al (F)
l-3695_5	graph	roi (HVFGASR)|roy (PM)
l-3695_6	graph	Artus (HG)|Artur (PV)|Artu (FASRM)
l-3696_2	semlex:minor:gramm	N'i (HVFGASRM)|Ne (P)
l-3696_3	graph	trovai (HVFGR)|trouvai (PASM)
l-3696_4	graph	consoil (H)|conseil (PVGSM)|consel (FAR)
l-3696_5	semlex:minor:gramm	en (H)|de (PVFGASRM)
l-3696_6	graph	nelui (H)|nului (PVFGARM)|nuli (S)
l-3697_2	semlex:minor:gramm	Ne (HPVFGASM)|N'ainc (R)
l-3697_3	semlex:minor:gramm	 ne  trovai (HFGPVASR)|autresi (M)
l-3697_4	semlex:minor:gramm	n'i (HFG)|ne (PVASR)
l-3697_5	morsynt	 trovai (HVFRPAS)|trove (G)
l-3697_6	graph	trovai (HVFR)|trouvai (PAS)
l-3697_7	graph	deist (HPVFGAM)|desist (SR)
l-3698_3	graph	vos (HVGAR)|vous (PFSM)
l-3698_5	graph	chose (HPVG)|cose (FASR)
l-3698_6	flex	moi (F)|me (HPVGASRM)
l-3698_7	graph	seist (HPVFGM)|sesist (ASR)
l-3699_2	semlex:minor:gramm	 Car (HPVFASRM)|Que (G)
l-3699_3	graph	Car (HPVFASR)|Quar (M)
l-3699_4	graph	noveles (HVFGR)|nouveles (PM)|nouvieles (A)|nouvele (S)
l-3700_2	graph	messire (HF)|mesire (PGASR)|missire (VM)
l-3700_3	graph	Gauvains (HVAM)|Gavains (PFSR)|Gauveins (G)
l-3700_4	semlex:major	 chaeles (HVFGARM)|avecques (P)|seur bele (S)
l-3700_5	graph	chaeles (HVGAM)|caeles (F)|chaieles (R)
l-3701_3	semlex:minor:semsim	 frans (HPVFRMAS)|biaux (G)
l-3701_4	graph	frans (HPFRMAS)|franz (V)
l-3701_5	semlex:minor:semsim	 dols (HPVFR)| preuz (GMAS)
l-3701_6	graph	dolz (H)|dous (P)|doz (V)|dols (FR)
l-3701_8	graph	ou (HPVFGM)|u (ASR)
l-3701_9	morsynt	 ert (HVFSRPG)|est (AM)
l-3701_10	flex	ert (HVFSR)|estoit (PG)
l-3702_1	graph	aie (HFA)|s'aye (PS)|s'aide (VGRM)
l-3702_2	graph	failli (HPVGAM)|fali (FS)|falli (R)
l-3703_2	graph	Dameisele (H)|Damoisele (PVFASR)|Demoisele (G)|Damoyselle (M)
l-3703_3	graph	desconseilliee (HVGM)|desconseillie (PSR)|desconsillie (FA)
l-3704_1	semlex:major	 Que appareillie (HPVFGASRM)|Cil me feist joiant et liee (H)
l-3704_2	semlex:minor:gramm	Que (PVGASR)|Qu'il (FM)
l-3704_3	graph	appareillie (PM)|aparelliee (V)|aparillie (FA)|apareilliee (G)|apareillie (S)|aparellie (R)
l-3705_3	graph	Se (HPVFGARM)|s' (S)
l-3705_5	graph	je (HPGAM)|ge (V)|jou (F)|jo (R)
l-3705_6	semlex:major	a cort (HPVFGASM)|adont (R)
l-3705_7	graph	cort (HVFGA)|court (PSM)
l-3705_8	graph	trove (HVFGAR)|trouve (PSM)
l-3705_9	graph	eusse (HPVFGAM)|euisse (S)|eusce (R)
l-3706_2	morsynt	requerre (HPVFGARM)|requise (S)
l-3706_3	graph	li (HPVFGASR)|ly (M)
l-3706_4	semlex:minor:semsim	euisse (S)| seusse (HPVFGARM)
l-3706_5	graph	seusse (HPVFGA)|seusce (R)|saeusse (M)
l-3707_2	graph	Riens (HPVSM)|Rien (FGAR)
l-3707_3	graph	nule (HPVFGASR)|nulle (M)
l-3707_4	semlex:minor:gramm	me (HPFGASR)|li (V)|onques (M)
l-3707_5	semlex:major	nee (M)| vee (HPVFGASR)
l-3707_6	graph	vehee (H)|vee (PFGASR)|vaee (V)
l-3708_2	graph	Mes (HMVG)|Mais (PFASR)
l-3708_3	graph	reine (HG)|royne (PM)|roine (VFASR)
l-3708_4	semlex:minor:gramm	est (A)|a (HPVFGSRM)
l-3709_2	graph	Uns (HVGR)|Un (P)|.i. (FASM)
l-3709_3	graph	chevaliers (HVGASR)|chevalier (PFM)
l-3709_4	graph	ce (HVFGASM)|che (P)|co (R)
l-3709_5	graph	dit (HVGM)|dist (PFASR)
l-3709_7	graph	en (PVFGASR)|an (H)|on (M)
l-3710_2	graph	Don (H)|Dont (PVFGASRM)
l-3710_3	graph	rois (HPVFGASR)|roys (M)
l-3710_4	semlex:major	ot grant marrison (M)|fist que fors del sen (PVFGASRH)
l-3710_5	semlex:minor:syn	fors (HVFAS)|hors (PGR)
l-3710_6	graph	del (HFAS)|du (PR)|dou (VG)
l-3710_7	graph	san (H)|sen (PVFGSR)|sens (A)
l-3711_2	graph	Qant (HF)|Quant (PVGASRM)
l-3711_4	graph	li (HP)|lui (VFGASR)|luy (M)
l-3711_6	semlex:minor:gramm	en (HVSRM)|i (PGA)
l-3712_3	semlex:major	Par (R)|  Si  cuit que (HPVFGASMMod)
l-3712_5	semlex:major	Et Kex (H)|Li rois (P)
l-3712_6	graph	ce (H)|je (PVM)|Si (FGASMod)
l-3712_7	semlex:minor:syn	 cuit (HPGFAS)| croi (VM)
l-3712_8	graph	cuit (HPG)|quit (F)|cuic (A)|quic (S)
l-3712_9	graph	croi (V)|croy (M)
l-3712_11	flex	Keu (R)| Keus (VGMFASMod)
l-3712_12	graph	Keus (VGM)| Kex (FH)|Kes (AS)|.K. (Mod)
l-3712_14	semlex:major	ki apres li mena (R)| la convoia (HPVFGASMMod)
l-3712_15	graph	la (VFGH)|le (PASM)|li (Mod)
l-3712_16	graph	conveia (Mod)|convoia (HPVFGASM)
l-3713_2	semlex:minor:gramm	Apres le (P)|  jusqu' au (HVFGASRMMod)
l-3713_3	semlex:minor:constrmorph	 jusqu' (HVGMASMod)| Dusq' (FR)
l-3713_4	graph	jusqu' (HVGMAS)|jusc' (Mod)
l-3713_5	graph	Dusq' (F)|Dusc' (R)
l-3713_6	graph	au (HVGMMod)|al (FASR)
l-3713_7	graph	chevalier (HPVFGARMMod)|cevelier (S)
l-3713_8	graph	qui (HPVFGASMMod)|ki (R)
l-3713_9	graph	l' (HPFGASRMMod)|la (V)
l-3713_10	semlex:minor:constrmorph	 enmainne (HPFGASRMMod)|maine (V)
l-3713_11	graph	enmainne (HSA)|enmaine (PFMod)|enmoine (G)|emmaine (R)|enmeine (M)
l-3714_2	graph	S' (HPVGASR)|Si (FMMod)
l-3714_4	graph	an (H)|en (PVFGASR)
l-3714_6	semlex:minor:constrmorph	or (HP)|encor (F)
l-3714_8	graph	entrez (HVGMod)|entres (PASR)|entre (M)
l-3714_9	graph	an (H)|en (PVFGASRMMod)
l-3714_11	graph	molt (VGSRM)|moult (VGSRM)
l-3714_12	semlex:minor:syn	male (A)|grant (HPVFGSRMMod)
l-3714_13	graph	painne (HA)|paine (PVFSRMod)|poine (G)|peine (M)
l-3715_2	graph	Messire (HF)|Mesire (PGASR)|Missires (V)
l-3715_3	graph	Gauvains (HVA)|Gavains (PFSR)|Gauveins (G)
l-3715_4	graph	qui (HPVFGAS)|ki (R)
l-3715_5	graph	la (HVFGA)|le (PSR)
l-3716_2	graph	Ja mes (HVG)|Jammais (P)|Ja mais (FASR)
l-3716_3	semlex:minor:syn	nul (HVFGASR)|.i. (P)
l-3716_4	graph	jor (HVFGAR)|jour (PS)
l-3716_5	semlex:minor:gramm	a (HPVFASR)|en (G)
l-3716_6	semlex:minor:syn	repos (RG)| sejor (HPVFAS)
l-3716_7	graph	sejor (HVA)|sejour (PS)|sojor (F)
l-3716_8	graph	iert (HPVFGAR)|ert (S)
l-3717_2	semlex:minor:syn	 Jusque (HGPVS)| Dusq' (FAR)
l-3717_3	graph	Jusque (HG)|Juques (P)|Jusqu' (VS)
l-3717_4	graph	Dusq' (F)|Dusqu' (A)|Dusc' (R)
l-3717_6	graph	qu' (HPFGAS)|que (V)|k' (R)
l-3717_8	graph	il (HFGSR)|i (PA)
l-3717_9	graph	avra (HVAG)|ara (PFSR)
l-3717_10	graph	trovee (HVFGAR)|trouvee (PS)
l-3718_2	graph	 Tote (HVFRA)|Toute (PGS)
l-3718_5	graph	provee (HVFGR)|prouvee (PSA)
l-3719_2	graph	Vos (HVGAR)|Vous (PFS)
l-3720_2	graph	Demain (HPVFASR)|Demaint (G)
l-3720_3	graph	morrai (HPVGR)|morai (F)|maurai (A)|mourai (S)
l-3721_1	semlex:minor:gramm	Si (HPVFAR)|Et (G)
l-3721_2	graph	sanz (HVG)|sans (PFAR)
l-3722_1	graph	Por (HVFGAR)|Pour (P)
l-3722_2	graph	vos (HVGAR)|vous (PF)
l-3722_3	graph	por (HVFGAR)|pour (P)
l-3723_2	graph	Et (HPVFG)|E (A)
l-3723_3	semlex:minor:gramm	il (HPFG)|cil (VAR)
l-3723_5	graph	Deu (HVFG)|Dix (P)|Diu (A)|Dieu (R)
l-3723_6	graph	place (HVFAGR)|plache (P)
l-3724_1	graph	Que (HVFGAR)|Qu' (P)
l-3724_2	semlex:minor:gramm	 l' en (HVGAFR)|a vous (P)
l-3724_4	graph	en (HVGA)|on (FR)
l-3724_5	graph	por (HVFGAR)|pour (P)
l-3724_8	graph	vos (HVGAR)|vous (PF)
l-3724_10	graph	face (HVFGAR)|fache (P)
l-3725_3	semlex:minor:gramm	que (HPGA)|com (VFR)
l-3725_5	semlex:minor:gramm	de (P)| je (HVFGA)
l-3725_6	graph	je (HGA)|ge (V)|jo (F)
l-3725_7	semlex:major	puise (H)|vive (PVFGAR)
l-3725_8	graph	n'i (HPFVA)|ne (GR)
l-3725_9	morsynt	  morroiz (HPVFGR)|mauras (A)
l-3725_10	flex	 morroiz (HGF)| morres (PRV)
l-3725_11	graph	morroiz (HG)|morrois (F)
l-3725_12	graph	morres (PR)|morrez (V)
l-3726_2	morsynt	  porroiz (HFGPVR)|poras (A)
l-3726_3	flex	 porroiz (HGF)| porres (PRV)
l-3726_4	graph	porroiz (HG)|porois (F)
l-3726_5	graph	porres (PR)|porrez (V)
l-3727_1	graph	Apareillie (HGS)|Apareillies (P)|Aparellie (VR)|Aparillie (F)|Aparille (A)
l-3727_2	semlex:minor:gramm	lonc (HFGAR)|de (PVS)
l-3727_4	graph	puissance (HV)|puissanche (P)|puiscance (F)|poissance (GSR)|possance (A)
l-3728_1	semlex:minor:gramm	De (HPFGAR)|Por (V)|A (S)
l-3728_2	graph	metre (HPVFAR)|mestre (G)|mettre (S)
l-3728_3	semlex:minor:gramm	  envostre (HPVGASR)|vous a (F)
l-3728_4	semlex:minor:gramm	 en (HPVGA)|a (SR)
l-3728_5	graph	an (H)|en (PVGA)
l-3728_6	graph	delivrance (HVFGSR)|delivranche (P)|dilivrance (A)
l-3729_1	semlex:major	Mon cors si (HPVGASR)|Tot ainsi (F)
l-3729_2	graph	com (HVFGAR)|comme (P)|con (S)
l-3729_4	graph	je (HGAS)|ge (V)|jo (FR)
l-3729_6	graph	feire (H)|faire (PFASR)|fere (VG)
l-3730_1	graph	Mes (HVG)|Mais (PFASR)
l-3730_3	semlex:minor:gramm	ne (HPVGASR)|et (F)
l-3730_5	graph	retreire (H)|retraire (PFASR)|retrere (VG)
l-3731_3	graph	genz (HVG)| gens (AS)
l-3731_5	morsynt	qui (HPVFGAS)|Que (R)
l-3731_6	graph	je (HPGAS)|ge (V)|jo (FR)
l-3731_9	semlex:major	onques (F)|venus (R)
l-3731_11	morsynt	 vos (HPFGASR)|me (V)
l-3731_12	graph	vos (HGAR)|vous (PFS)
l-3731_13	graph	chaille (HPVG)|caille (FAS)|calle (R)
l-3732_1	flex	Que (HPVFGAR)|Coi (S)
l-3732_2	graph	qu' (HPVGAS)|q' (F)|c' (R)
l-3732_3	graph	aviengne (PS)|aviegne (VGAR)|aveigne (H)|avigne (F)
l-3732_5	graph	la bataille (HPVFGAS)|le batalle (R)
l-3733_1	graph	Gardez (HVG)|Gardes (PFASR)
l-3733_3	semlex:minor:gramm	  on (HPFGASR)|nus (V)
l-3733_5	graph	en (HG)|on (PFASR)
l-3733_7	semlex:minor:gramm	m'i (HR)|me (PVFGAS)
l-3733_8	graph	conoisse (HG)|connoisse (PVFA)|connoise (S)|conoisce (R)
l-3734_2	graph	Chertes (P)|Certes (VFGASR)
l-3734_4	graph	por (HVFGAR)|pour (PS)
l-3734_5	graph	nule (HVFGSR)|nul (P)|nulle (A)
l-3734_6	graph	angoisse (HPVFGA)|angousse (P)|angoise (S)|angoisce (R)
l-3735_2	graph	non (HVGSR)|nom (PFA)
l-3735_3	semlex:minor:gramm	ne (HPVFGAS)|n'i (R)
l-3735_4	graph	descoverroie (HFG)|descouverroie (PA)|descouvreroie (VS)|descolverroie (R)
l-3736_2	graph	eincois (HG)|anchois (P)|ancois (FA)|ainscois (R)|Aincois (VS)
l-3736_4	graph	an (H)|en (PVFGASR)
l-3736_5	graph	soferroie (HF)|soufferroie (PG)|souferoie (A)|sofferoie (R)|soufreroie (V)|souffreroie (S)
l-3737_1	semlex:minor:gramm	Des (HVFG)| Puis (PASR)
l-3737_2	graph	Puis (PSR)|Pis (A)
l-3737_4	graph	vos (HVGAR)|vous (PFS)
l-3737_6	graph	volez (HVG)|voles (PFASR)
l-3737_7	graph	ensi (HAS)|einsi (V)|ainsi (P)|issi (FGR)
l-3738_1	semlex:minor:gramm	Et (HPVR)|Sire (FGAS)
l-3738_2	graph	neporqant (HF)|nepourquant (PS)|neporquant (VGAR)
l-3738_3	semlex:minor:gramm	ice (H)| je (PVFGAS)|forment (R)
l-3738_4	graph	je (PGAS)|ge (V)|jo (F)
l-3738_5	graph	vos (HVGAR)|vous (PFS)
l-3738_6	semlex:major	  pri (HFGASRP)|chasti (V)
l-3738_7	semlex:minor:constrmorph	 pri (HFGASR)|depri (P)
l-3738_8	graph	pri (HFASR)|pris (G)
l-3739_1	semlex:minor:gramm	Que (HPVFGAR)|Ne (S)
l-3739_3	graph	por (HVFGAR)|pour (PS)
l-3739_5	semlex:minor:gramm	n'i (H)|ne (PVFGASR)
l-3739_7	semlex:major	 revignies (HPFGAS)| remegniez (VR)
l-3739_8	graph	reveigniez (HG)|revegnies (P)|revignies (FA)|revingnies (S)
l-3739_9	graph	remegniez (V)|remagnies (R)
l-3740_2	graph	vuel (H)|veul (P)|voeil (V)|voil (F)|vueil (G)|vel (A)|voel (SR)
l-3740_5	semlex:minor:gramm	 vos (HPVFGAS)|por moi (R)
l-3740_6	graph	vos (HVGA)|vous (PFS)
l-3740_7	graph	anpreigniez (H)|enprenies (P)|empregniez (V)|empregnies (F)|enpreigniez (G)|enprengnies (A)|emprengnies (S)|empragnies (R)
l-3741_1	graph	Bataille (HPVFGAS)|Batalle (R)
l-3741_3	graph	felonesse (HV)|felenesse (PFGAR)|felonnesse (S)
l-3742_1	semlex:minor:semsim	Vostre (HPVFGSR)|Molt grans (A)
l-3742_2	graph	merci (HVFGR)|merchi (PS)|mercis (A)
l-3742_4	graph	la (HPVFGA)|le (SR)
l-3742_5	graph	promesse (HPVGAR)|pramesse (FS)
l-3743_1	semlex:minor:gramm	Que (HPVFGR)|Car (AS)
l-3743_3	graph	volantiers (H)|volentiers (PVFGARS)
l-3743_4	graph	la (HP)|le (VFGASR)
l-3743_5	morsynt	  feries (HPFVGAR)|fesissies (S)
l-3743_6	graph	feroiez (H)| feries (PFVGAR)
l-3743_7	graph	feries (PF)|ferieez (V)|feriez (G)|feriees (A)|feriies (R)
l-3744_1	graph	Mes (HVG)|Mais (PFASR)
l-3744_2	graph	trestoz (HV)|trestous (PAS)|trestos (FR)|trestouz (G)
l-3744_3	graph	quites (HVFGS)|cuites (PAR)
l-3744_4	graph	an (H)|en (PVFGASR)
l-3744_5	graph	soiez (HVG)|soies (PFAR)|soyes (S)
l-3745_1	semlex:minor:gramm	Que (HV)|Car (PFGS)|Et (AR)
l-3745_2	graph	mialz (H)|mix (P)|miex (VSR)|mius (FA)|meuz (G)
l-3745_3	semlex:minor:semsim	est (HPGASR)|vaut (V)|vient (F)
l-3745_5	graph	je (HPGAS)|ge (V)|jo (FR)
l-3745_6	graph	seule (HPASR)|sole (FVG)
l-3746_2	graph	je (HPGAS)|ge (V)|jo (FR)
l-3746_3	morsynt	les (HPVFGR)|le (A)|lor (S)
l-3746_4	graph	veisse (HPVFGAR)|veisce (S)
l-3746_5	semlex:major	deduire (HPVFGSR)|destruire (A)
l-3747_2	semlex:minor:gramm	et (HPVFSR)|ne (GA)
l-3748_2	graph	por (HVFGAR)|pour (PS)
l-3748_3	graph	ce (HVFGS)|chou (P)|cou (A)|co (R)
l-3748_6	graph	eschaperoie (HPVGA)|escaperoie (FSR)
l-3749_1	graph	Qant (HF)|Quant (PVGASR)
l-3749_3	graph	vos (HVGAR)|vous (PFS)
l-3749_4	graph	avroient (HVG)|averoient (A)|aroient (PFSR)
l-3749_5	graph	ocis (HVFGAR)|ochis (PS)
l-3750_2	graph	mialz (H)|mix (P)|miex (VSR)|mius (FA)|melz (G)
l-3750_4	graph	vos (HVGAR)|vous (PFS)
l-3750_5	semlex:major	 remaignies (HPVFASR)|en ailliez (G)
l-3750_6	graph	remaingniez (H)|remaignies (PA)|remanez (V)|remanes (FR)|remangnies (S)
l-3751_3	graph	nos (HVGAR)|nous (PFS)
l-3751_5	semlex:minor:syn	  fuissonsmort (HFPVSR)| morissions (GA)
l-3751_6	morsynt	 fuissons (HPVSR)|soions (F)
l-3751_7	graph	fussiens (H)|fussons (P)|fuissons (VS)|fuscons (R)
l-3751_8	graph	morissions (G)|morissons (A)
l-3751_9	graph	andui (HFGASR)|ambedui (P)|amdui (V)
l-3752_1	graph	Molt (HVFGASR)|Mout (P)
l-3752_3	graph	avez (HVG)|aves (PFASR)
l-3752_4	graph	or (HVFGAR)|ore (PS)
l-3752_7	graph	enui (H)|anui (PVFASR)|ennui (G)
l-3753_1	graph	Fet (HVGA)|Fait (PFSR)
l-3753_2	graph	messire (HF)|mesire (PGASR)|missire (V)
l-3753_3	graph	Yvains (HPVFR)|Yveins (G)|Vains (A)|Ywains (S)
l-3753_4	semlex:minor:syn	 bele (HA)|chiere (P)| douce (VFGSR)
l-3753_5	graph	bele (H)|biele (A)
l-3753_6	graph	douce (VG)|douche (S)|dolce (FR)
l-3754_3	semlex:minor:gramm	ou (HPF)|or (R)|que (VGS)
l-3754_4	graph	 vos (HVGAR)|vous (PFS)
l-3754_7	graph	volez (HVG)|voles (PFASR)
l-3755_2	morsynt	delivre (HPVFASR)|delivree (G)
l-3756_2	graph	Ou (HPVG)|U (FAR)
l-3756_3	graph	vos (HVGAR)|vous (PFS)
l-3756_4	graph	despisiez (HVG)|despisies (PFASR)
l-3757_2	graph	je (HPGAS)|ge (V)|jo (FR)
l-3757_4	graph	vos (HVGR)|vous (PFS)
l-3757_5	morsynt	ferai (A)| faz (HPVFGSR)
l-3757_6	graph	faz (HVG)|fais (P)|fas (F)|faich (S)|fac (R)
l-3757_8	graph	vos (HVGAR)|vous (PFS)
l-3757_9	graph	aidier (PVFGASR)|eidier (H)
l-3758_3	graph	N' (H)|ne (PFASRVG)
l-3758_5	semlex:minor:gramm	an (H)|vous (S)
l-3758_6	semlex:major	quier (HPFGR)|devez (V)|puis (A)|quich (S)
l-3758_11	semlex:minor:gramm	a (HFGAR)|de (P)
l-3758_13	semlex:minor:gramm	vos (HVGAR)|vous (PF)
l-3758_15	graph	pleidier (H)|plaidier (PFAR)|pledier (VG)|plaidoiier (S)
l-3759_1	semlex:minor:gramm	Que (HPVFG)|Car (ASR)
l-3759_2	graph	vos (HVGAR)|vous (PFS)
l-3759_4	graph	avez (HVG)|aves (PFAS)
l-3759_8	graph	fet (HVG)| fait (PFASR)
l-3759_10	graph	por (HVFGAR)|pour (PS)
l-3759_11	graph	moi (HVGFASR)|moy (P)
l-3760_2	graph	 Certes (HGASRF)|Chertes (P)
l-3760_5	semlex:minor:gramm	ja jor (V)|certes (F)
l-3760_6	graph	faillir (HVFGA)|falir (PS)|fallir (R)
l-3760_8	graph	vos (HVGAR)|vous (PFS)
l-3761_2	graph	besoing (HPSR)|bersoing (F)|besoig (VGA)
l-3761_4	graph	vos (HVGAR)|vous (PFS)
l-3761_5	graph	aiez (HVG)|aies (PFAS)|aiies (R)
l-3762_2	semlex:minor:gramm	 molt (HPVG)| vous (FASR)
l-3762_3	graph	molt (HVG)|moult (P)
l-3762_4	graph	vous (FS)|vos (AR)
l-3762_5	graph	vos (HVGAR)|vous (PFS)
l-3762_6	graph	esmaiez (HVG)|esmaies (PFAR)|esmaiies (S)
l-3763_1	semlex:minor:gramm	 Mais (HPVGASR)|Car (F)
l-3763_2	graph	Mais (PASR)|Mes (HVG)
l-3763_4	graph	Deu (HVFG)|Dix (P)|Dius (A)|Dieu (SR)
l-3763_5	graph	plaist (PFASR)|plest (HVG)
l-3763_6	graph	an (H)|en (VGPFASR)
l-3763_7	graph	cui (HPGAR)|qui (VFS)
l-3763_8	graph	je (HPGAS)|jo (FS)|ge (V)
l-3764_2	graph	an (H)|en (PVFGASR)
l-3764_4	graph	honi (HVFGR)|honni (PAS)
l-3764_5	flex	tuit (HVG)| tot (PSFAR)
l-3764_6	graph	tout (PS)|tot (FAR)
l-3764_7	graph	troi (HVFGRPA)|.iii. (S)
l-3765_2	semlex:minor:gramm	que (HPVFG)|car (ASR)
l-3765_3	semlex:minor:gramm	or (A)| je (HPVFGSR)
l-3765_4	graph	je (HPGSR)|ge (V)|jo (F)
l-3765_5	graph	m'an (H)|m'en (PVFGASR)
l-3766_1	graph	Ou (HPVG)|U (FASR)
l-3766_3	semlex:minor:syn	logier (HPVFGA)|lonc (S)|loig (R)
l-3766_4	graph	an (H)|en (PVFGASR)
l-3766_5	semlex:minor:gramm	ce (H)| chel (PF)| cest (VUASR)
l-3766_6	graph	chel (P)|cel (F)
l-3766_7	semlex:minor:constrmorph	cest (VGA)|icest (SR)
l-3767_1	semlex:minor:gramm	Que (HPVFFGR)|Car (AS)
l-3767_2	graph	d' (HPVFGSR)|de (A)
l-3767_6	semlex:minor:gramm	ne (HPVAGSR)|n'i (F)
l-3767_8	graph	ge (HVG)|jo (FR)|je (PAS)
l-3768_2	graph	fet (HVG)|fait (PFASR)
l-3768_3	graph	ele (HVGPFAR)|elle (S)
l-3768_4	graph	Dex (HVG)|Dix (PAS)|Diex (R)
l-3768_5	graph	vos (HVGAR)|vous (PAS)
l-3768_6	graph	doint (HVFG)|doinst (PASR)
l-3769_2	graph	boen (HG)|boin (PSR)|bon (VFA)
l-3769_3	semlex:minor:syn	chastel (P)| ostel (HVFGASR)
l-3769_4	graph	ostel (HVGSR)|hostel (FA)
l-3769_6	graph	boene (H)|boine (PSR)|bone (VFA)|boenne (G)
l-3770_2	graph	chose (HPVG)|cose (FASR)
l-3770_3	graph	qui (HPVGFAS)|ki (R)
l-3770_4	graph	vos (HVGAR)|vous (PFS)
l-3770_5	graph	enuit (H)|anuit (PVFASR)|ennuit (G)
l-3771_1	semlex:minor:constrmorph	Si (HPFGASR)|Ainsi (V)
l-3771_3	semlex:major	  je ledesir (HPVGASR)|il est poissans (F)
l-3771_4	graph	 je le (HPVGAS)|jel (R)
l-3771_5	graph	je (HPGAS)|ge (V)
l-3771_7	graph	vos (HVGAR)|vous (PFS)
l-3772_2	semlex:minor:gramm	Tantost (PVGS)|Atant (FAR)
l-3772_3	graph	mesire (PGASR)|messire (HVF)
l-3772_4	graph	Yvains (HPVFR)|Yveins (G)|Vains (A)|Yvains (S)
l-3772_6	graph	s'an (H)|s'en (PVGAR)|s'am (F)|s'em (S)
l-3773_2	graph	lyons (HGS)|leons (PV)|lions (FAR)
l-3773_3	graph	toz (H)|tous (PS)|tot (V)|tos (FAR)|touz (G)
l-3773_4	semlex:minor:syn	tans (AR)| jorz (HPVFGS)
l-3773_5	graph	jorz (HG)|jours (PS)|jors (VF)
l-3774_2	semlex:minor:syn	 ale (HVFGR)| erre (PAS)
l-3774_3	morsynt	ale (HVFR)|alerent (G)
l-3774_4	graph	erre (PA)|esret (S)
l-3774_5	graph	qu' (HFGASRP)|que (V)
l-3774_6	graph	il (HFGASRV)|i (P)
l-3774_7	semlex:minor:semsim	  vindrent (HPVFGAS)|furent (R)
l-3774_8	morsynt	 vindrent (HGAFS)|vienent (P)|vint (V)
l-3774_9	graph	vindrent (HGA)|vinrent (FS)
l-3775_1	semlex:minor:syn	D'un (HPVFSR)| Dou (AG)
l-3775_2	graph	Dou (G)|Del (A)
l-3775_4	semlex:minor:syn	chastel (P)| recet (HVFGASR)
l-3775_5	graph	recet (HVFAR)|receit (G)|rechet (S)
l-3775_7	graph	.i. (HPVGASR)|un (F)
l-3776_1	semlex:minor:gramm	Qui (HPVFGASCC)|Bien (R)
l-3776_6	graph	tot (HVFACC)|tout (PGS)
l-3776_7	graph	anviron (H)|environ (PVFGASRCC)
l-3777_2	graph	haut (HPVFGASCC)|halt (R)
l-3778_2	graph	chastiax (HPV)|castiax (FR)|chastiaux (G)|chastiaus (A)|castiaus (S)|casteax (CC)
l-3778_4	semlex:minor:syn	 cremoit (HPVFSRA)|doutoit (GCC)
l-3778_5	morsynt	cremoit (HPVFSR)|crint (A)
l-3778_7	graph	assaut (HPVSRCC)|assalt (F)|asaut (GA)
l-3779_2	graph	magonel (HVFGRCc)|mangonnel (PS)|mangonniel (A)
l-3779_4	graph	perriere (HPVFGRCc)|periere (AS)
l-3780_1	graph	Qu' (HVFGPASCc)|K' (R)
l-3780_3	graph	forz (HVG)|fors (FRPSCcA)
l-3780_4	semlex:minor:gramm	a (H)|de (PVFGASRCC)
l-3781_1	graph	Mes (HVGA)|Mais (PFSR)
l-3781_2	semlex:minor:gramm	fors (HVFASR)|hors (PG)
l-3781_3	morsynt	des murs (HPVGA)| delmur (SFR)
l-3781_4	semlex:minor:gramm	de (S)|del (FR)
l-3781_6	semlex:major	remese (H)| si rese (PVFGASR)
l-3781_7	semlex:minor:gramm	si (PVGAS)|se (F)|li (R)
l-3781_8	graph	rese (PFGASR)|res (V)
l-3782_2	graph	la (HVFGAS)|Le (P)|Li (R)
l-3782_3	graph	place (HPVFGAS)|plache (R)
l-3782_5	graph	qu'il (HPFGAS)|k'il (R)
l-3782_7	morsynt	remese (HPFGASR)|remez (V)
l-3783_1	graph	En (APVFGSR)|An (H)
l-3783_3	semlex:minor:constrmorph	borde (APVFGHR)|bordel (S)
l-3783_6	graph	meison (H)|maison (PFASR)
l-3784_1	graph	Assez (HVG)|Asses (PFASR)
l-3784_3	semlex:minor:semsim	 ores (HSR)| sares (PVFGA)
l-3784_4	flex	orroiz (H)|ores (SR)
l-3784_5	graph	sares (PF)|savrez (V)|savroiz (G)|savres (A)
l-3784_6	semlex:minor:semsim	 la raison (HPVR)|l' aqoison (FGAS)
l-3784_7	graph	la (HV)|le (PR)
l-3784_8	graph	reison (H)|raison (PR)|reson (V)
l-3784_9	graph	aqoison (F)|acheson (G)|okison (A)|occoison (S)
l-3785_2	graph	Une (HPFGSR)|Un (V)
l-3785_3	graph	foiz (HG)|fois (PVFASR)
l-3785_4	graph	qant (HF)|quant (PVGASR)
l-3785_5	graph	leus (HG)|lieu (P)|lieus (V)|lius (FA)|liex (R)
l-3785_7	graph	sera (HPVFGAS)|serra (R)
l-3786_2	morsynt	Le (PR)|la (HVFGAS)
l-3786_4	semlex:major	droite (HPVFGSR)|dame (A)
l-3786_8	semlex:minor:semsim	va (HPVF)|torna (R)| tenuea (GAS)
l-3786_9	graph	tenue (GS)|tenu (A)
l-3787_1	graph	Messire (HF)|Mesire (PGASR)|Missire (V)
l-3787_2	graph	Yvains (HPVFR)|Yveins (G)|Vains (A)|Ywains (S)
l-3787_3	semlex:minor:gramm	vers le (HPVGAR)|jusqu'al (FS)
l-3787_4	semlex:minor:syn	recet (HVFGASR)|chastel (P)
l-3788_3	graph	vaslet (H)|valles (P)|vallet (VFGASR)
l-3788_5	semlex:minor:syn	saillent (HV)| corent (FGASR)
l-3788_6	graph	corent (FGAR)|keurent (S)
l-3788_7	semlex:major	   jusqu'a  .vii. (HVASFGR)|fort et isnel (P)
l-3788_8	semlex:minor:gramm	  jusqu'a (HVAS)|plus de (FGR)
l-3788_9	semlex:minor:gramm	 jusqu' (HVS)|dusqu' (A)
l-3788_10	graph	jusqu' (HV)|jusque (S)
l-3788_11	graph	set (HGA)| .vii. (VFSRP)
l-3789_1	semlex:minor:gramm	Qui (HVGAR)|Si (PFS)
l-3789_3	semlex:minor:gramm	 .i. (HPS)|le (VFARG)
l-3789_4	graph	.i. (HS)|un (P)
l-3790_3	graph	 sont (HPVFGR)|ont (A)
l-3790_5	semlex:minor:gramm	a (HVGAR)|tantost (P)|Et (F)
l-3791_1	graph	Mes (HVG)|Mais (PFASR)
l-3791_2	graph	del (HFGAR)|du (PS)|dou (V)
l-3791_3	graph	lyon (HGS)|lion (PFAR)|leon (V)
l-3791_4	graph	que (HVGA)|c' (PSR)|q' (F)
l-3791_5	semlex:major	venir (HVG)| aveclui (PRAFS)
l-3791_6	graph	avec (PR)|vuec (A)|avolc (F)|avoec (S)
l-3792_1	semlex:major	 Avoec lui (HVG)|Venir (PFSR)
l-3792_2	graph	Avoec (H)|Ovoec (V)|Avec (G)
l-3792_3	graph	lui (HG)|li (V)
l-3792_5	semlex:minor:syn	 durement (HPVFASR)|fort (G)
l-3792_6	graph	duremant (H)|durement (PVFASR)
l-3792_7	semlex:minor:syn	se doutoient (P)|s'  esfroient (HVFGASR)
l-3792_9	graph	esfroient (HVFGSR)|esfreoient (A)
l-3793_1	semlex:minor:gramm	 Si (HPVFGAS)|Et (R)
l-3793_2	graph	Si (HPVFGS)|Se (A)
l-3793_5	semlex:minor:gramm	s'il (HFR)| se (PVGAS)
l-3793_6	graph	si (P)|se (VGAS)
l-3793_7	graph	li (HPFR)|lui (VGAS)
l-3793_8	graph	plest (HVFG)|plaist (PASR)
l-3794_2	graph	Sen (P)|Son (HVFGASR)
l-3794_3	graph	lyon (HGS)|lion (PFAR)|leon (V)
l-3794_5	graph	lest (HVFG)|laist (PASR)
l-3795_1	graph	Qu' (HPFS)|Que (VGAR)
l-3795_3	graph	ne les (HPVFR)|nes (GAS)
l-3795_4	semlex:major	 afolt (HPVFGS)|afront (A)|blece (R)
l-3795_5	graph	afost (H)|afolt (PFS)|affole (V)|afout (G)
l-3795_6	semlex:minor:gramm	et (HR)| ou (PVGFS)|ne (A)
l-3795_7	graph	ou (PVG)|u (FS)
l-3795_8	graph	ocie (HVFGAS)|ochie (P)|occie (R)
l-3796_2	semlex:minor:syn	cil (V)|il (HPFGASR)
l-3796_4	semlex:minor:syn	respont (HPVFGAS)|dist (R)
l-3796_5	semlex:minor:gramm	n'en (HPVFGSR)|ne (A)
l-3796_6	semlex:major	 parles (HPFGSR)| doutez (VA)
l-3796_7	graph	parlez (HG)|parles (PFSR)
l-3796_8	graph	doutez (V)|doutes (A)
l-3797_2	graph	enterrai (HPFGR)|anterrai (An)|entrerai (VA)|enterai (S)
l-3797_3	graph	sanz (HAnVG)|sans (PFASR)
l-3798_1	graph	Ou (HAnPVG)|U (FASR)
l-3798_2	graph	nos (HAnVGAR)|nous (PFS)
l-3798_3	graph	 avrons (HAnVG)|arons (PFSR)
l-3798_6	graph	ostel (HAnVFGASR)|hostel (P)
l-3798_8	graph	andui (HAnFGAR)|ambedui (P)|amdui (V)|ambdui (S)
l-3799_1	graph	Ou (HAnPVFG)|U (ASR)
l-3799_2	morsynt	 je (HPVFGSR)|nos (An)
l-3799_3	graph	je (HPG)|ge (V)|jou (FS)|jo (AR)
l-3799_4	semlex:minor:syn	  remanrai (HAnPVFGSR)|demouerai (A)
l-3799_5	morsynt	 remanrai (HPVFGAS)|remeindrons (An)
l-3799_6	graph	remanrai (HR)|remaurrai (P)|remaindrai (VF)|remaindre (G)|remaurai (S)
l-3799_8	graph	ca (HAnVFGA)|cha (PSR)
l-3799_9	semlex:minor:constrmorph	fors (HVAR)| defors (AnFGSP)
l-3799_10	semlex:minor:syn	defors (AnFGS)|dehors (P)
l-3800_1	semlex:minor:gramm	Car (A)| Q' (HAnPVFGSR)
l-3800_2	graph	Qu' (H)|Q' (AnVF)|Que (PS)|C' (GR)
l-3800_3	semlex:minor:gramm	autretant (HV)| autant (AnPFGASR)
l-3800_4	graph	autant (AnPGAS)|altant (FR)
l-3800_6	graph	aim (HAnVFGR)|aime (PA)|ainc (S)
l-3800_8	graph	ge (AnVG)|jo (FR)|jou (S)
l-3800_9	semlex:minor:gramm	 come (HAnPVFGSR)|que (A)
l-3800_10	graph	come (HAnFG)|comme (PSR)|com (V)
l-3850_2	semlex:minor:gramm	Ne (H)|Que (AnFGAS)|Et (V)
l-3850_3	semlex:minor:gramm	rien (HAn)| je (VFGAS)
l-3850_4	graph	ge (V)|jo (F)|je (GAS)
l-3850_5	semlex:minor:gramm	a (HAnVFGS)|en (A)
l-3850_6	graph	mon (HAnVFGA)|men (S)
l-3850_7	graph	cuer (HAnVGAS)|coer (F)
l-3850_8	semlex:minor:gramm	 n'en (HAnVFGSA)|ne (A)
l-3850_9	graph	n'an (HAn)|n'en (VFGS)
l-3851_1	semlex:minor:gramm	 Ains (HGAnVFAS)|Car (P)
l-3851_2	graph	Einz (HG)|Ainz (AnV)|Ains (FAS)
l-3851_3	graph	le (HPFGASV)|lou (An)
l-3851_4	graph	molt (HAnFGASV)|mout (P)
l-3852_1	semlex:minor:gramm	 Quelque (HAnFG)|Que (A)|Quel (PVS)
l-3852_2	graph	Quelque (HAn)|Qelque (F)|Quelqu' (G)
l-3852_3	semlex:minor:syn	 duel (HAnPSVF)|ennui (G)|mal (A)
l-3852_4	graph	duel (HAnPS)|doel (V)|dol (F)
l-3852_6	graph	j' (HG)|g' (An)|je (PAS)|ge (V)|jo (F)
l-3852_8	semlex:minor:gramm	en (HAnPGS)|i (V)
l-3852_9	morsynt	doie (SVPAnGH)|deusse (A)
l-3853_1	graph	Donc (HG)|Dont (AnPVFAS)
l-3853_2	semlex:minor:syn	 fet (HVGAAnPF)|dist (S)
l-3853_3	graph	fet (HVGA)|fait (AnPF)
l-3853_4	semlex:minor:gramm	 le (HPVFASAn)|je (G)
l-3853_5	graph	le (HPVFAS)|lo (An)
l-3853_6	graph	vos (HAnVGA)|vous (PFS)
l-3853_7	graph	gie (HAnVFGS)|ge (P)|je (A)
l-3854_2	graph	 Molt (HAnVFGAS)|Mout (P)
l-3854_5	graph	uns (HAnG)| .i. (PVAFS)
l-3854_7	graph	jaianz (HAnV)|gayans (P)| gaians (FAS)|geanz (G)
l-3854_9	semlex:minor:syn	  domagie (HAnVGSAP)|corecie (F)
l-3854_10	semlex:minor:constrmorph	 domagie (HAnVGSA)|fait damage (P)
l-3854_11	graph	domagie (HAnVGS)|damagie (A)
l-3855_1	graph	Qui (HPVFGS)|Qu'il (AnA)
l-3855_2	morsynt	voloit (HAnPVFGS)|vausist (A)
l-3855_3	graph	je (HPAS)|ge (AnVG)|jo (F)
l-3855_4	graph	donnasse (HAnVFG)|donnaisse (PAS)
l-3856_2	graph	biaute (HAnPVFAS)|beaute (G)
l-3857_1	graph	Totes (HVFA)|Toutes (AnPGS)
l-3857_2	semlex:minor:semsim	les puceles del (HAnPVFS)|celes qui sontel (GA)
l-3857_3	graph	puceles (HAnVFS)|pucheles (P)
l-3857_4	graph	del (HF)|do (An)|du (PS)|dou (V)
l-3857_5	graph	sont (G)|sunt (A)
l-3858_1	graph	fel (HAnVFGAS)|fex (P)
l-3858_2	graph	jaianz (HAnV)|jaians (PA)|gaians (FS)|geanz (G)
l-3858_3	morsynt	cui (HAnV)|que (PFGAS)
l-3858_4	graph	Dex (HAnVFG)|Dix (PA)|Diex (S)
l-3858_5	graph	confonde (HAnPVFS)|confunde (GA)
l-3859_1	graph	non (HAnPVGS)|nom (FA)
l-3859_2	graph	Harpins (HAnVFAS)|Arpin (P)|Herpins (G)
l-3859_3	graph	Montaingne (H)|Montaigne (AnVS)|Montagne (PF)|Monteigne (G)|Montangne (A)
l-3860_1	semlex:minor:gramm	Ja n’iert (HAn)|N'est nus (PFGA)|Il n'est (S)|Si n'a (V)
l-3860_2	graph	nul (P)|nus (FGA)
l-3860_3	graph	jorz (HAnG)|jour (P)|jor (V)|jors (FA)|jours (S)
l-3860_4	semlex:minor:gramm	 del mien ne (HAnPVGAS)|de moi ne (F)
l-3860_5	graph	del (HAnPA)|dou (VG)|du (S)
l-3860_6	semlex:minor:gramm	mien ne (HAnVGAS)|ne me (P)
l-3860_7	graph	praigne (HAnF)|prengne (PS)|pregne (V)|preigne (G)|prenge (A)
l-3861_1	semlex:minor:constrmorph	  Tot (HFAnSPGA)|De (V)
l-3861_2	semlex:minor:constrmorph	 Tot (HFAnS)| Trestout (PGA)
l-3861_3	graph	Tot (HF)|Tout (AnS)
l-3861_4	graph	Trestout (PG)|Trestot (A)
l-3861_5	semlex:minor:gramm	 quanque (AnPVFGS)|ce que (H)
l-3861_6	graph	quancque (An)|quanqu (P)|quanque (VFG)|quanques (S)
l-3861_7	graph	an (HAn)|en (PVGAS)|em (F)
l-3861_8	semlex:major	 ataindre (HAnPVFAS)|prendre (G)
l-3861_9	graph	ateindre (H)|ataindre (AnPVFAS)
l-3862_2	semlex:minor:semsim	 mius de (HAnPVFAS)|hom fors (G)
l-3862_3	graph	Mialz (H)|miauz (An)|mix (P)| miex (V)|mius (FA)
l-3862_7	graph	se (HAnPVFAS)|s'en (GA)
l-3862_10	graph	plaindre (HAnPVFS)|pleindre (G)|plandre (A)
l-3863_2	semlex:minor:gramm	Ne (HAnPGAS)|De (F)
l-3863_3	graph	duel (HAnPGS)|dol (FA)
l-3863_4	graph	feire (HAn)|faire (PFS)|fere (G)|fair (A)
l-3863_5	semlex:minor:gramm	ne (HAnPGAS)|de (F)
l-3863_6	semlex:minor:semsim	 duelmener (HAnPFG)|demener (AS)
l-3863_7	graph	duel (HAnPG)|dol (F)
l-3864_2	graph	duel (HAnPGS)|dol (FA)
l-3864_4	graph	deveroie forssener (S)|devroie forsener (HAnPVFGA)
l-3865_1	semlex:minor:gramm	Que (HAnPVFG)|Car (AS)
l-3865_2	graph	.vi. (HAnVFGAS)|sis (P)
l-3865_3	graph	filz (HAn)|fix (PS)|fils (V)|fius (FA)|fiuz (G)
l-3865_4	graph	chevaliers (HAnPVGAS)|chevalier (F)
l-3866_2	graph	biax (HF)| biaus (AnPVSAG)
l-3866_4	graph	el (HAnPVSGA)|al (F)
l-3866_6	semlex:minor:gramm	ne (HAnPVFGA)|n'en (S)
l-3867_1	morsynt	 Si les (HAnVFGAS)|Sil (P)
l-3867_2	graph	Ses (HAnV)|Si les (FGAS)
l-3867_3	semlex:minor:constrmorph	 toz (HVPSFAG)|trestoz (An)
l-3867_4	graph	toz (HV)|tous (PS)|tos (FA)|touz (G)
l-3867_6	graph	jaianz (HV)|jaians (AnA)|gaians (PFS)|geans (G)
l-3867_7	graph	pris (HAnVFGAS)|prins (P)
l-3868_2	semlex:minor:semsim	 Voiant (HGAnPVS)|de (A)|devant (F)
l-3868_3	graph	Veant (HG)|Veiant (An)|Voiant (PVS)
l-3868_4	semlex:major	  a les .ii. ocis (HPAnVFAS)|liez et pris (G)
l-3868_8	graph	deus (AnA)|.ii. (HPVFS)
l-3868_9	graph	ocis (HAnVFA)|ochis (PS)
l-3869_1	graph	ocirra (HAnVFG)|ochirra (P)|ocira (A)|orcira (S)
l-3869_2	graph	quatre (HAnPGA)|.iiii. (VFS)
l-3870_2	graph	je (HPGS)|ge (AnV)|jo (F)
l-3870_5	semlex:major	 s'   ost (HAnPVFG)|voist (S)
l-3870_6	graph	s' (HAnPVF)|se (G)
l-3870_8	semlex:major	 ost (AnPVF)|an (H)
l-3870_9	graph	aut (An)|ost (PV)|alt (F)
l-3870_10	morsynt	 combatre (AnAPVFS)| conbate (HG)
l-3870_11	graph	conbatre (AnA)|combatre (PVFS)
l-3870_12	graph	conbate (H)|combate (G)
l-3871_1	semlex:major	A lui pormes filz (HAnPVFGS)|Se vausi por aus (A)
l-3871_2	graph	por (HAnVFG)|pour (PS)
l-3871_3	graph	filz (HAnV)|fix (P)|fils (F)|fiex (S)
l-3871_4	semlex:minor:constrmorph	delivrer (HAnVFGSA)|delivre (P)
l-3872_1	graph	Ou (HAnPVG)|U (FAS)
l-3872_3	graph	ge (Hv)|je (PGAS)|jo (F)
l-3872_4	graph	voel (HVS)|veil (An)|veul (P)|voil (FA)|vueil (G)
l-3872_5	semlex:minor:constrmorph	livrer (HPVFGAS)|delivrer (An)
l-3873_1	semlex:minor:gramm	et (HPVFGAS)|qu'il (An)
l-3873_3	graph	dit (PVGAn)|dist (FAS)
l-3873_4	graph	qant (HF)|quant (PVGAS)
l-3873_6	graph	ara (F)|avra (HPVGAS)
l-3874_3	graph	Q' (F)|C' (G)|Qu' (S)
l-3874_4	morsynt	As (HVAFS)|A (P)|au (G)
l-3874_5	semlex:major	plus vix (HPFGAS)|poiors (V)
l-3874_6	graph	vix (HGA)|vilz (P)|vius (FS)
l-3874_7	graph	garcons (HPvFGA)|garchons (S)
l-3874_8	graph	qu'il (HPVFGS)|que il (A)
l-3874_9	semlex:major	 savra (HP)|  avra (VGAF)
l-3874_10	graph	savra (H)|sara (P)
l-3874_11	morsynt	 avra (VGAF)|a (S)
l-3874_12	graph	avra (VGA)|ara (F)
l-3875_1	semlex:major	En sa maison (HAnPFGAS)|Et as plus vils (V)
l-3875_2	graph	meison (H)|maison (AnPFAS)|meson (G)
l-3875_3	morsynt	as (HAnVFA)|a (PS)|au (G)
l-3875_4	semlex:major	 ors (HAnPVFAS)|forz (G)
l-3875_5	graph	orz (HAn)|ors (PVFAS)
l-3876_1	graph	La (HAnVFG)|Le (PAS)
l-3876_2	graph	liverra (HAnPFG)|livrera (VS)|livera (A)
l-3876_3	graph	por (HAnVFGAS)|pour (P)
l-3876_4	morsynt	 lor (HAnVFGAS)|ses (P)
l-3876_5	graph	lor (HAnVFGA)|lors (S)
l-3876_6	graph	deporz (HAnG)|depors (PVFAS)
l-3877_1	semlex:minor:gramm	Qu' (HAnPVGAS)|Car (F)
l-3877_2	graph	ne la (hAnPVFG)|ne le (A)|nel (S)
l-3877_3	semlex:major	 deigneroit (HAnGVFS)|desire (P)|deveroit (A)
l-3877_4	graph	deigneroit (HAnG)|degneroit (V)|daignerroit (F)|dengneroit (S)
l-3877_6	semlex:minor:gramm	mie (A)| mes (HGSVAnP)
l-3877_7	graph	mes (HGSV)|mais (AnP)
l-3877_8	graph	prandre (HAn)|prendre (PVFGAS)
l-3878_1	semlex:minor:gramm	 cest (AnVFGAS)|ce (H)
l-3878_2	graph	cest (AnVFGAS)|chest (HA)
l-3878_3	graph	duel (HAnPGS)|doel (V)|dol (FA)
l-3879_1	semlex:major	 Damedex (HAnVFGAS)|Dix ou vous (P)
l-3879_2	graph	Damedex (HAnVF)|Damledex (G)|Damesdius (A)|Damedix (S)
l-3879_3	morsynt	 me  (HAnPVGAS)|nous (F)
l-3879_4	graph	m' (AnHP)|me (VGAS)
l-3879_6	graph	an (H)|en (AnP)
l-3879_7	graph	consoille (HAn)|conseille (PVGS)|conselle (FA)
l-3880_1	graph	por (HAnVFGA)|pour (PS)
l-3880_2	graph	ce (HAnVFGAS)|chou (P)
l-3880_3	semlex:minor:gramm	mie (HAnPFGAS)|pas (V)
l-3880_4	graph	mervoille (HAn)|merveille (PGS)|mervelle (VFA)
l-3881_1	graph	Biax (HFS)|Biaus (AnA)|Biau (P)|Beau (V)
l-3881_3	semlex:minor:syn	chirs (A)|douz (G)
l-3881_6	graph	chiers (HAnPVF)|ciers (S)
l-3881_7	graph	nos (HAnVGA)|nous (PFS)
l-3881_8	semlex:major	 plorons (HAnVFGAP)|poommes (S)
l-3881_9	graph	plorons (HAnVFGA)|plourons (P)
l-3882_1	graph	Mes (HVG)|Mais (AnPFAS)
l-3882_3	graph	por (HAnVFG)|pour (PS)
l-3882_4	morsynt	 vos (HAnVGPFS)|nos (A)
l-3882_5	graph	vos (HAnVG)|vous (PFS)
l-3882_6	graph	com (HPVFGS)|con (An)|comme (A)
l-3882_7	graph	nos (HAnVGA)|nous (PFS)
l-3882_8	morsynt	 poons (HAnPVFGS)|porons (A)
l-3882_9	flex	poons (HAnPVFG)|poommes (S)
l-3883_1	graph	Nos (HAnVGA)|Nous (PFS)
l-3883_2	semlex:major	 resforcons (HGAnV)| reconfortons (PF)|renforcemes (S)|refaisons (A)
l-3883_3	semlex:minor:constrmorph	resforcons (HG)| efforcons (AnV)
l-3883_4	graph	efforcons (An)|esforcons (V)
l-3883_5	semlex:minor:constrmorph	reconfortons (P)|confortons (F)
l-3883_6	graph	la (HAnVFGA)|le (PS)
l-3883_7	graph	foiee (HG)|feiee (An)|fye (P)|feie (V)|foie (FA)|fie (S)
l-3884_1	graph	feire (HAn)|faire (PFAS)|fere (VG)
l-3884_2	graph	contenance (HAnVFGS)|contenanche (PA)
l-3884_3	graph	liee (HAnG)|lie (PVFAS)
l-3885_1	semlex:minor:gramm	Que (HG)|Car (AnPVFAS)
l-3885_2	semlex:minor:semsim	 fox (HAnVGP)|faus (F)|fel (S)
l-3885_3	graph	fos (H)|fox (AnVG)|folz (P)
l-3885_4	semlex:major	fet qu'antor lui (G)|est qui prodome (HAnPVFAS)
l-3885_5	graph	prodome (HVF)|prodomme (P)|preudom (A)|preudomme (S)
l-3885_6	graph	atret (hVG)|atrait (AnPFAS)
l-3886_1	semlex:major	 Entor lui (HAnVFA)|Preudome (G)
l-3886_2	graph	Entor (HAnVFA)|Entour (PS)
l-3886_3	graph	lui (HAnPVFS)|li (A)
l-3886_4	graph	enor (H)|annor (An)|oneur (P)|onor (VFA)|ennor (G)|onnor (S)
l-3886_5	graph	fet (HVG)|fait (AnPFAS)
l-3887_1	graph	vos (HAnVGAS)|vous (PF)
l-3887_2	graph	resanblez (H)|resamblez (AnV)|resambles (PFA)|resemblez (G)|sambles (S)
l-3887_4	graph	prodome (HVFG)|preudome (An)|prodomme (P)|prodonme (A)|preudomme (S)
l-3888_3	graph	vos (HAnVGA)|vous (PFS)
l-3888_7	morsynt	dite (HS)|dit (A)
l-3888_9	semlex:minor:constrmorph	tote (VGA)|trestoute (AnPF)
l-3888_10	semlex:major	la some (HAnVFGPS)|leusonne (A)
l-3888_11	graph	some (HAnVFG)|somme (PS)
l-3889_1	semlex:major	Sire (H)|Et contee (S)| Dite (PVFGAn)|De nos et (A)
l-3889_4	semlex:minor:gramm	 nostre (HAnPVSGA)|ma tres (F)
l-3889_7	semlex:minor:syn	destrece (HAnVFGS)| tristreche (PA)
l-3889_8	graph	tristreche (P)|tristrece (A)
l-3890_2	graph	N' (HPVgA)|Ne (SAn)
l-3890_3	graph	en (HPVFGA)|an (An)
l-3890_4	graph	chastel (HAnPVGS)|castiel (A)|castel (FS)|chastel (G)
l-3890_5	graph	ne (HPVFGAS)|n' (An)
l-3890_6	graph	an (HAn)|en (PVFGAS)
l-3890_7	graph	forterece (HVFA)|forteresce (AnG)|fortereche (P)|fortreche (S)
l-3891_5	graph	nos (HAnVGA)|nous (PFS)
l-3891_6	semlex:major	a laissie (HAnPFVGS)|toille (A)
l-3891_7	graph	lessie (HV)|laissie (AnPG)|laissiet (S)|laie (F)
l-3891_8	graph	jaianz (H)|jaienz (An)|gaians (PS)|jaians (VF)|geans (G)|jaiens (A)
l-3892_1	graph	Fors (HPVFGSAn)|For (A)
l-3892_2	semlex:minor:gramm	tant (HAnPVFGS)|cou (A)
l-3892_3	semlex:minor:gramm	com (HAnPVFG)|que (AS)
l-3892_4	semlex:major	 nousavons (PVSA)| vos veez (AnFG)|il en a (H)
l-3892_5	graph	nous (PS)|nos (VA)
l-3892_6	graph	vous (F)|vos (AnG)
l-3892_7	graph	veez (AnG)|vees (F)
l-3892_8	graph	chaiens (P)|chaians (S)|caians (VF)|caens (A)|ceanz (H)|ceianz (An)|ceenz (G)
l-3893_2	graph	Vos (AnHAG)|Vous (FSP)
l-3893_3	semlex:minor:gramm	 meismes (HAnFASG)|et ensement (P)
l-3893_4	graph	meismes (HAnFAS)|meimes (G)
l-3893_5	semlex:minor:semsim	bien leveistes (HP)|  veoir poistes (AnFGAS)
l-3893_7	semlex:major	la hors (G)| veoir (AnFS)
l-3893_8	graph	veoir (AnFS)|veir (A)
l-3893_9	graph	poites (An)|poistes (FAG)|poiste (S)
l-3894_2	semlex:major	   Anuit (HPFSAn)|Veoir (G)|La fors (A)
l-3894_3	semlex:minor:semsim	  Anuit (HPFS)|Ersoir (An)
l-3894_5	graph	enuit (H)|Anuit (PFS)
l-3894_7	graph	vos (HAnGA)|vous (PFS)
l-3894_9	graph	preistes (HPFG)|presistes (SA)|preites (An)
l-3895_1	semlex:minor:gramm	 Qu'il (HPFGA)|Car (V)|N (An)
l-3895_2	graph	Qu' (HPFGA)|K' (S)
l-3895_5	graph	lessie (HV)|laissie (PGAn)|laisie (A)|laissiet (S)|laie (F)
l-3895_6	morsynt	qui vaille (A)|vaillant (HPFGSVAn)
l-3895_7	graph	.i. (HPFGASV)|un (An)
l-3895_8	graph	oef (PFGASVAn)|es (H)
l-3896_1	semlex:minor:syn	 Fors (HVFAS)| Dehors (PGAn)
l-3896_2	semlex:minor:constrmorph	Fors (HVFA)|Defors (S)
l-3896_3	semlex:minor:constrmorph	Hors (P)|Dehors (GAn)
l-3896_5	morsynt	 de ces (HVFPS)|des (A)|les (AnG)
l-3896_7	graph	ces (HS)|cez (V)|cest (F)|ches (P)
l-3896_8	graph	murs (HVAAnGSP)|mur (F)
l-3896_10	semlex:minor:gramm	tost (F)|tout (P)
l-3896_11	graph	sont (HVAnGFP)|son (S)|sunt (A)
l-3896_13	semlex:minor:constrmorph	 tuit (VAnGSP)|trestot (A)
l-3896_14	flex	tuit (VAnG)| tout (SP)
l-3896_16	semlex:major	 noef (VFPSAAnG)|remes (H)
l-3896_17	graph	noef (VFPS)|neof (A)|nuef (AnG)
l-3897_1	graph	Ainz (HAnV)|Ains (PAS)|Einz (G)
l-3897_3	graph	trestot (HVFAn)|trestuit (P)|trestout (GAS)
l-3897_4	graph	 le (HVFPGAS)|lou (An)
l-3897_6	graph	 borc (HVFGAS)|bor (An)|bour (P)
l-3897_8	graph	plene (HAnG)|plane (PVFAS)
l-3898_1	semlex:minor:gramm	 Quant ce qu'il (HFAnSPG)| Quanqueil (VA)
l-3898_2	graph	Quant (AnSPG)|Qant (HF)
l-3898_3	graph	ce (HFAnSG)|che (P)
l-3898_4	semlex:minor:gramm	qu'il (HFAnS)|qui (P)|que (G)
l-3898_5	graph	Quanque (V)|Quanqu' (A)
l-3898_6	semlex:minor:semsim	 vost (HAnPFSG)|pot (V)
l-3898_7	graph	vost (HAn)|vaut (P)|valt (F)|volt (SG)
l-3898_8	morsynt	a (AnFAV)|ot (HPSG)
l-3898_10	semlex:minor:syn	mene (HAnPSAV)|porte (FG)
l-3899_1	semlex:minor:gramm	 Si (HAnPFGSA)|Et (V)
l-3899_2	graph	Si (HAnPFGS)|S' (A)
l-3899_4	morsynt	mist (HAnPVFGS)|a mis (A)
l-3899_5	semlex:major	el remanant (HAnPVFGA)|esraument (S)
l-3899_6	graph	remenant (HAn)|remanant (PFGA)|remegnant (V)
l-3899_7	graph	le (HPVFGAS)|lo (An)
l-3899_8	graph	feu (HPVFGAnS)|fu (A)
l-3900_1	graph	Einsi (HV)|Ensi (AnAS)|Ainsi (P)|Issi (F)|Einsint (G)
l-3900_2	graph	feit (HAn)|fait (PFAS)|fet (VG)
l-3900_3	graph	meint (HG)|maint (AnPVFAS)
l-3900_4	semlex:minor:syn	 mauves (AnVGA)|felon (HPFS)
l-3900_5	graph	mauveis (An)|mauves (VG)|mauvais (A)
l-3900_6	graph	geu (HAnFG)|jeu (PS)|gieu (V)|ju (A)
l-3901_1	graph	Messire (HAnF)|Mesire (PGS)|Missire (V)|Mesir (A)
l-3901_2	graph	Yvains (HAnPVFA)|Yveins (G)|Ywains (S)
l-3901_3	graph	tot (HVF)|tout (AnPGAS)
l-3901_4	graph	escouta (HGPAnSAV)|escata (F)
l-3902_1	graph	Quanque (HGVS)|Quancque (An)|Quanques (PA)|Quanqe (F)
l-3902_3	graph	ostes (HAn)|hostes (PVFGAS)
l-3903_2	graph	qant (H)|quant (AnPVFGAS)
l-3903_3	graph	trestot (HVFA)|trestout (AnPGS)
l-3903_4	semlex:major	 escoute (HAnFAPVS)|conteli (G)
l-3903_5	graph	escoute (HAnPVAS)|escote (F)
l-3904_2	graph	Si (HPVFGS)|Se (A)|S (An)
l-3904_5	semlex:minor:constrmorph	 redist (HPGSVF)|dist (A)
l-3904_6	graph	redist (HPGSAn)|redit (V)|radit (F)
l-3904_8	semlex:minor:gramm	 ce  que (HAAnPVGS)|quanque (F)
l-3904_9	graph	ce (HAnVGS)|che (P)|cou (A)
l-3904_10	morsynt	 que (HAnVGA)|qui (S)
l-3904_11	graph	que (HAnVGA)|qu' (P)
l-3904_14	graph	lui (HAnV)|li (GSPA)
l-3904_15	semlex:major	plot (HAnPVGAS)|sot (F)
l-3905_3	semlex:major	 faitil (HAnPVFGS)|chiers (A)
l-3905_4	graph	fet (HVG)|fait (AnPFS)
l-3905_6	graph	vostre (HAnPVGAS)|vo (F)
l-3905_7	graph	enui (H)|anui (AnPVFAS)|ennui (G)
l-3906_2	graph	Molt (HFGASVAn)|Mout (P)
l-3906_5	graph	 iriez (HGAn)|iries (PFAS)
l-3906_6	semlex:minor:syn	iriez (HAn)|dolenz (G)
l-3906_9	graph	molt (HFAn)|mout (P)
l-3906_10	semlex:minor:syn	 dolanz (HAnVASFP)|iriez (G)
l-3906_11	graph	dolanz (HAnV)|dolans (ASF)|dolens (P)
l-3906_13	graph	en (GAS)|an (An)
l-3907_2	graph	Mes (HVGA)|Mais (PFS)|M (An)
l-3907_4	graph	chose (HAnPVG)|cose (FSA)
l-3907_5	semlex:minor:syn	me merveil (HAnPVGF)|m'esmervel (SA)
l-3907_6	graph	mervoil (HAn)|merveil (PVG)|mervel (F)
l-3908_1	semlex:minor:gramm	Se (HPGS)|Que (VFAAn)
l-3908_3	graph	vos (HVGA)|vous (PFS)
l-3908_6	graph	avez (HAnVG)|aves (PFAS)
l-3908_7	semlex:minor:semsim	quis (HPAS)|pris (VFG)|trove (An)
l-3908_8	graph	consoil (HAn)|conseil (PVGS)|consel (FA)
l-3909_3	flex	la (HPVFGA)|le (S)
l-3909_4	graph	cort (HFGA)|court (PVS)|t (An)
l-3909_5	semlex:minor:gramm	 le (HAnPVGAS)|al (F)
l-3909_6	graph	le (HPVGAS)|lou (An)
l-3909_7	semlex:minor:syn	 boen (HAnVFGAS)|fort (P)
l-3909_8	graph	boen (HAnG)|bon (VFA)|boin (S)
l-3909_10	graph	Artu (HAnVFGAS)|Artur (P)
l-3910_4	semlex:minor:gramm	nus (HPFGAV)|N'uns (S)
l-3910_6	graph	hom (HPFGA)|hons (S)
l-3911_3	graph	Qu' (HPVAS)|Q' (F)|C' (G)
l-3911_4	semlex:minor:gramm	sa (HPVS)|la (FGA)
l-3911_5	graph	cort (HVFGA)|court (PS)|rt (An)
l-3911_7	graph	poist (HG)|peust (PVSAF)|puist (An)
l-3911_8	graph	trover (HAnVFAG)|trouver (PS)
l-3912_2	flex	 Tex (HGVAS)|Tel (PF)
l-3912_3	graph	Tex (HG)|Teuls (V)|Teus (AS)
l-3912_4	morsynt	 voldroient (HVFGAS)|vaurroit (P)
l-3912_5	graph	voldroient (HG)|voudroient (V)|vauroient (F)|vaudroient (A)|vorroient (S)
l-3912_6	graph	esprover (HVFGA)|esprouver (PS)
l-3913_1	morsynt	Lor (HAnVFGSA)|Sa (P)
l-3913_2	semlex:minor:syn	vertu (HAnPVGAS)|proece (F)
l-3913_3	semlex:minor:constrmorph	 encontre (HAnPVGAS)|contre (F)
l-3913_4	graph	ancontre (H)|encontre (AnPVGAS)
l-3913_6	graph	soe (HAnVFGS)|soie (PA)
l-3914_2	semlex:minor:gramm	lors (HPAnGFAS)|molt (V)
l-3914_5	graph	descuevre (HAnGA)|descovre (PF)|descoevre (V)|deskeuvre (S)
l-3914_7	graph	desnoe (HFGS)|desnoue (V)|desnoie (A)|desloie (P)
l-3915_2	graph	riches (HAnPVGA)|rices (FS)
l-3915_3	graph	hom (HAnPFGAV)|hons (S)
l-3915_4	graph	que (HPVFGA)|qu' (AnS)
l-3915_5	graph	il (HPVFGAS)|i (An)
l-3916_1	graph	Boene (H)|Boenne (AnG)|Boine (PS)|Bone (VF)|Bon (A)
l-3916_2	graph	aie (HFAS)|aide (AnVG)|aye (P)
l-3916_3	graph	se (HPVFGSA)|s' (An)
l-3917_1	graph	Ou (AnPVFGH)|U (S)|O (A)
l-3917_2	graph	trover (HAnVFGA)|trouver (PS)
l-3917_3	graph	monseignor (HAnG)|monseigneur (P)|monsegnor (V)|monsignor (FA)|monsiegneur (S)
l-3917_4	graph	Gauvain (HAnVGA)|Gavain (PFS)
l-3918_1	semlex:minor:syn	 Cil (HAnFGASP)|Icil (V)
l-3918_2	graph	Cil (HAnFGAS)|Chil (P)
l-3918_3	flex	nel' (HAnP)|nel (V)|nele (GAS)|nela (F)
l-3918_4	semlex:minor:constrmorph	 anpreist (HAnP)| preist (VFGAS)
l-3918_5	graph	anpreist (HAn)|enpresist (P)
l-3918_6	graph	preist (VG)|presist (FS)|presis (A)
l-3918_7	semlex:minor:gramm	pas (HAnPFG)|mie (VAS)
l-3918_8	graph	en (HPVGS)|an (An)|e (A)
l-3919_1	semlex:minor:gramm	Que (HPV)|Car (AnGFAS)
l-3919_3	graph	fame (HAnFG)|femme (PS)|feme (VA)
l-3919_5	graph	sa (HAnPVFGS)|se (A)
l-3919_6	graph	suer (HAnVG)|seur (PAS)|soer (F)
l-3919_7	graph	germainne (HAnAS)|germaine (PVG)
l-3920_2	semlex:minor:syn	 Maisla fame leroi (HAnPVFGS)|laroine (A)
l-3920_3	graph	Mes (HVG)|Mais (AnPFS)
l-3920_4	graph	fame (HAnG)|femme (PS)|feme (VF)
l-3920_5	graph	le (HPVFGS)|lou (An)
l-3920_6	semlex:minor:constrmorph	 enmainne (HAnPVFAS)|demaine (G)
l-3920_7	graph	enmainne (HAS)|enmaine (PVF)|anmainne (An)
l-3921_1	graph	Uns (HAnVGAS)|Un (P)|.i. (F)
l-3921_2	graph	chevaliers (HAnVGAS)|chevalier (PF)
l-3921_4	graph	terre (HAnVFGAS)|tere (P)
l-3922_1	semlex:minor:gramm	Qui (HAnVFAS)|Si (PG)
l-3922_2	semlex:minor	 l'alaa lacort  (HAnVPFGS)|lavintdemolt (A)
l-3922_4	graph	la (HAnVFG)|le (PS)
l-3923_1	semlex:minor:gramm	 Neporquant (HAnVGAFS)|Nepourche (P)
l-3923_2	graph	Neporqant (HF)|Neporquant (AnVGA)|Nonpourquant (S)
l-3923_4	graph	en (HPVFGAS)|an (An)
l-3924_1	graph	Menee (HAnFVGAS)|Mene (P)
l-3924_2	graph	porrien (HAnVFGA)|pourriens (PS)
l-3924_3	semlex:minor:gramm	 qu' (HAnPFVGA)|s' (S)
l-3924_4	graph	qu' (HAnVGA)|que (P)|q' (F)
l-3925_1	semlex:minor:gramm	Nefust (HAnPVFAS)|Mes (G)
l-3925_2	graph	Kex (HAnF)|Keus (PG)|Keuz (V)|Kes (SA)
l-3925_4	semlex:major	  anbricona (HAnPVFGA)|tantenproia (S)
l-3925_6	graph	anbricona (AnH)|embricona (VF)|enbricona (G)|enbriconna (AP)
l-3926_1	graph	Le (HPVFGAS)|Lou (An)
l-3926_2	graph	roi (HVAnGFAS)|roy (P)
l-3926_4	graph	qui (H)|que (AnPVFA)|qu' (GS)
l-3926_5	graph	il (AHPAnGFV)|i (S)
l-3926_7	flex	li (FAnPHASG)|l' (V)
l-3926_8	semlex:major	 bailla (HPGAnFA)|enmena (V)|carcha (S)
l-3926_9	semlex:minor:syn	bailla (HPG)| dona (AnFA)
l-3926_10	graph	dona (AnF)|donna (A)
l-3927_1	graph	La (HAnVFGAS)|Le (P)
l-3927_2	graph	reine (HAn)|roine (GFVAS)|royne (P)
l-3927_4	graph	sa (HAnVGFA)|se (PS)
l-3928_1	semlex:minor:gramm	 Cil (HAnPVFAS)|Si (G)
l-3928_2	graph	Cil (HAnFVA)|Chil (P)|Cils (S)
l-3928_5	graph	fos (H)|fox (An)|faus (PA)|fols (VS)|fals (F)|fous (G)
l-3928_7	semlex:minor:gramm	 cele (HAnVFSPG)|ele (A)
l-3928_8	graph	cele (HAnVFS)|chele (P)|cel (G)
l-3929_2	graph	an (H)|en (AnVFGSA)
l-3929_3	graph	se (AnVFGS)|s' (A)
l-3929_4	semlex:minor:constrmorph	fia (AnVFGS)|enfia (A)
l-3930_2	semlex:major	Et (HGSVFAn)|Sacies (A)
l-3930_3	graph	je (HGAS)|ge (AnV)|jo (F)
l-3930_4	semlex:minor:constrmorph	resui (HS)|sui (AnVFGA)
l-3930_5	semlex:minor:gramm	cil (HAnVGAS)|icil (F)
l-3930_8	semlex:minor:gramm	ja (V)|or (G)
l-3931_2	semlex:minor:gramm	Trop (HAnPFAS)|Molt (V)
l-3931_3	graph	domage (HAnVG)|damage (PFAS)
l-3931_5	semlex:minor:semsim	tropgrant (HAnPFGAS)|lede (V)
l-3932_1	semlex:major	 Que (HAnGPFVS)|Sacies (A)
l-3932_2	semlex:minor:gramm	Que (HAnG)|Et (PF)|Car (VS)
l-3932_3	semlex:minor:gramm	 ceest (HAnVFPGS)|ceste (A)
l-3932_4	graph	ce (HAnVFGS)|che (P)
l-3932_5	graph	chose (HAnPVG)|cose (VSA)
l-3932_6	semlex:minor:gramm	 toute (HVFAnPGS)|esttrop (A)
l-3932_7	graph	tote (HVF)|toute (AnPGS)
l-3932_8	semlex:minor:syn	 certe (HAnVFGA)| aperte (SP)
l-3932_9	graph	certe (HAnVGA)|cherte (F)
l-3932_10	semlex:minor:constrmorph	aperte (P)|perte (S)
l-3933_2	graph	messire (HF)|messires (AnV)|mesire (PGAS)
l-3933_3	graph	Gauvains (HAnVA)|Gavains (PS)|Gauveins (G)
l-3933_5	semlex:major	 preus (HAnPFSGA)|douls (V)
l-3933_6	graph	preuz (HAnG)|preus (PFAS)
l-3934_1	graph	Por (HAnVFGA)|Pour (PS)
l-3934_3	semlex:minor:semsim	 niece (HAnPFS)|suer (VG)|mere (A)
l-3934_4	graph	niece (HAnFS)|nieche (P)
l-3934_6	graph	por (HAnVFGA)|pour (PS)
l-3934_8	graph	neveuz (HAnG)|neveus (PFS)|nevues (A)|nevouls (V)
l-3935_2	semlex:minor:gramm	 ca (HAnPFGSA)|ci (V)
l-3935_3	graph	ca (HAnFGA)|cha (PS)
l-3935_4	graph	venuz (HAnVG)|venus (PFAS)
l-3936_2	semlex:minor:gramm	 ceste (HAnFGASP)|cele (V)
l-3936_3	graph	ceste (HAnFGAS)|cheste (P)
l-3937_1	graph	Mes (HVGA)|Mais (AnPFS)
l-3937_3	semlex:minor:gramm	 nel (HSVF)| n'an (AnG)|ne (PA)
l-3937_4	graph	nel (HS)| nele (VF)
l-3937_5	graph	nele (F)|nela (V)
l-3937_6	graph	n'an (An)|n'en (G)
l-3937_7	graph	set (HAnPVFAS)|se (G)
l-3937_9	semlex:minor:gramm	pas (FAS)|point (G)|rien (An)
l-3937_11	semlex:minor:gramm	 dont (HPVGAS)|de (An)
l-3937_12	graph	dont (PVGAS)|dom (H)
l-3937_13	semlex:minor:gramm	tant (HPFGAAn)|trop (VS)
l-3937_14	semlex:minor:gramm	me (HAnVPGAS)|m'en (F)
l-3938_2	graph	Que (H)|Qu' (S)
l-3938_3	semlex:minor:gramm	par (HAn)| Por (PVA)|a (FGS)
l-3938_4	graph	Pour (P)|Por (VA)
l-3938_5	graph	po (H)|poi (AnPVGAS)|pou (F)
l-3938_8	graph	cuers (HAnPVGS)|coers (F)|curs (A)
l-3938_10	semlex:minor:gramm	me (HAnGA)|m'en (PVFS)
l-3938_11	graph	crieve (HAnVSGF)|grieve (P)|grive (A)
l-3939_1	semlex:minor:gramm	 Ains (HAnPVFGA)|Il (S)
l-3939_2	graph	Einz (HG)|Ainz (AnV)|Ains (PFA)
l-3939_4	graph	alez (HAnVG)|ales (PFAS)
l-3939_6	graph	celui (HAnVFGSA)|chelui (P)
l-3940_1	graph	Cui (HAnVGA)|Qui (PFS)
l-3940_2	semlex:minor:syn	 Damedex (HP)| Dex (AnVFGAS)
l-3940_3	graph	Damedex (H)|Damedix (P)
l-3940_4	graph	Dex (AnVFG)|Dius (A)|Dix (S)
l-3940_5	graph	doint (HAnVFG)|doinst (PS)|doist (A)
l-3940_9	graph	enui (H)|anui (AAnPVFS)|ennui (G)
l-3941_1	semlex:minor:gramm	 Quant (HAnPV)|Qui (FGAS)
l-3941_2	graph	Qant (H)|Quant (AnPV)
l-3941_3	morsynt	 meneeena (HPVFGAS)|ilenmena (An)
l-3941_4	graph	menee (HVFGS)|mene (PA)
l-3941_5	graph	la (HAnVFGAS)|le (P)
l-3941_6	graph	reine (HAnVG)|royne (P)|roine (FAS)
l-3942_1	graph	Messire (HAnF)|Mesire (PGAS)|Missire (V)
l-3942_2	graph	Yvains (HAnPVF)|Yveins (G)|Vains (A)|Ywains (S)
l-3943_2	graph	sospirer (HAnVF)|souspirer (PGAS)
l-3943_3	graph	qant (HF)|quant (AnpVGAS)
l-3943_4	semlex:minor:gramm	 ce (HPVFS)|il  (GAnA)
l-3943_5	graph	ce (HVFS)|che (P)
l-3943_7	graph	antant (HAn)|entent (PVGAS)|entant (F)
l-3944_3	graph	pitie (HAnPVGS)|pite (FS)
l-3944_4	semlex:minor:gramm	 que (HAnPVFGS)|quant (A)
l-3944_5	graph	que (HAnPVFG)|qu' (S)
l-3944_7	semlex:minor:gramm	 l' en (HAnVPGSA)|li (F)
l-3944_9	graph	en (HGA)|an (An)|em (PVS)
l-3944_10	graph	prant (HAnF)|prent (PVGAS)
l-3945_1	semlex:minor:gramm	Li (HPVF)|Lors (A)| si (AnGS)
l-3945_3	semlex:minor:semsim	 respondi (HPSAnFGA)|dit (V)
l-3945_4	morsynt	respont (HPS)|respondi (AnFGA)
l-3945_5	semlex:major	 biaus (HAnPASFG)|mestres (V)
l-3945_6	graph	biaus (AnPAS)|biax (FGH)
l-3945_8	graph	dolz (H)|doz (V)
l-3945_10	graph	sire (HAnVFGAS)|sires (P)
l-3945_11	graph	chiers (HAnPVGAS)|chers (F)
l-3946_1	graph	Je (HPVGA)|Ge (An)|Jo (F)|Jou (S)
l-3946_2	semlex:minor:gramm	m' en (HPS)|me (AnVFGA)
l-3946_3	graph	an (H)|en (PS)
l-3946_5	graph	metroie (HAnPVFGA)|meteroie (S)
l-3946_6	graph	volentiers (HPVGSA)|volantiers (An)|volenters (F)
l-3947_4	morsynt	el (HAnPFS)|en (VG)|ou (A)
l-3948_2	graph	jaianz (HAnV)|gaians (PFS)|geanz (G)|jaians (A)
l-3949_1	semlex:major	Venoientdemain (HAnPFGAS)|Pooientvenir (V)
l-3949_3	graph	tele (HAnGS)|tel (PVSA)
l-3949_4	graph	ore (HFS)|hore (AnVG)|heure (P)|eure (A)
l-3950_1	morsynt	Que (HPVFGA)|Qu'i (S)
l-3950_2	semlex:minor:gramm	n'i (HPVFAS)|ne (G)
l-3950_3	morsynt	 face (HFGAPV)|feisse (V)|faicent (S)
l-3950_4	graph	face (HFGA)|faiche (P)
l-3950_5	semlex:minor:syn	 tropgrant (HPVAS)| longe (FG)
l-3950_7	graph	longe (F)|longue (G)
l-3950_8	graph	demore (HFG)|demeure (PVAS)
l-3951_1	semlex:minor:gramm	Que (HPF)|Car (VGAS)
l-3951_2	graph	je (HPVGAS)|jo (F)
l-3951_3	semlex:major	ferai (P)| serai (HVFGAS)
l-3951_4	graph	serai (HVFAS)|sere (G)
l-3951_5	graph	aillors (HVFGS)|ailleurs (PA)
l-3951_7	graph	ci (HVFGAS)|chi (P)
l-3952_3	graph	ore (HFGS)|heure (P)|hore (V)|eure (A)
l-3952_5	graph	midi (HPFGAS)|miedi (V)
l-3953_2	semlex:minor:gramm	Si (HPVFS)|Ensi (A)
l-3953_3	graph	je (HPGA)|ge (V)|jo (F)|jou (S)
l-3953_5	graph	acreante (HVFGS)|creante (PA)
l-3954_2	graph	Biax (HFS)|Biau (P)|Biaus (GA)
l-3954_4	morsynt	la (HPFGAS)|vostre (V)
l-3954_5	graph	volante (H)|volente (PVFGAS)
l-3955_1	graph	Vos (HVGA)|Vous (PFS)
l-3955_3	graph	merci (HVFG)|merchi (PAS)
l-3955_4	semlex:minor:gramm	 ge fait (HPFGS)|  dit (VA)
l-3955_5	graph	ge (HG)|je (PS)|jou (F)
l-3955_6	graph	fet (HG)|fait (PFS)
l-3955_8	graph	dit (V)|dist (A)
l-3955_9	graph	li (HPFGAS)|le (V)
l-3955_10	graph	prodom (HV)|prodon (PF)|preudom (G)|preudon (AS)
l-3956_2	semlex:minor:syn	 .c. (HPFVGA)|.v. (S)
l-3956_3	graph	.c. (HVFGA)|Chent (P)
l-3956_5	graph	mile (HPVA)|m. (S)
l-3956_6	graph	foiz (HVG)|fois (PFAS)
l-3957_3	morsynt	 toutesles gens (HPGAS)|tote la gent (F)
l-3957_4	graph	totes (HA)|toutes (PGS)
l-3957_5	graph	genz (HG)|gens (PAS)
l-3957_7	graph	ostel (HPFAS)|ostes (G)
l-3958_3	graph	tot (FA)|tuit (G)|tout (S)
l-3958_4	graph	autretel (HPGA)|altretel (F)|autrestel (S)
l-3959_1	semlex:minor:gramm	Atant (HPVFGS)|Et quant (A)
l-3959_2	semlex:minor:syn	vint (HVFGAS)|ist (P)
l-3959_3	semlex:major	 d'une chambre (HPVFGA)|la pucele (S)
l-3959_4	morsynt	d'une (HPV)|de la (FGA)
l-3959_5	graph	chanbre (H)|chambre (PVG)|cambre (F)|canbre (A)
l-3959_6	semlex:minor:syn	fors (HVFGAS)|hors (P)
l-3960_1	semlex:major	 La pucele (HPVFGA)|Qui bele ert et (S)
l-3960_2	graph	La (HVFGA)|Le (P)
l-3960_3	graph	pucele (HVFGA)|puchele (P)
l-3961_2	semlex:minor:constrmorph	 facon (HFGAS)| faiche (PV)
l-3961_3	graph	facon (HFGA)|faicon (S)
l-3961_4	graph	faiche (P)|face (V)
l-3961_5	semlex:minor:syn	 bele et plaisans (HPVAS)| simplaisans (FG)
l-3961_6	graph	bele (HPVS)|bielle (A)
l-3961_8	graph	pleisanz (H)|plaisans (PAS)|plesanz (V)
l-3961_9	graph	simplaisans (F)|simple et plesanz (G)
l-3962_1	graph	Molt (HVFGA)|Mout (PS)
l-3962_2	semlex:major	vint (HVFGAS)|fu (P)
l-3962_4	semlex:major	  simple (HPVAS)|cele (G)
l-3962_5	graph	 simple (PVAS)|sinple (H)
l-3962_8	semlex:major	mate (PGASF)| coie (VFH)
l-3962_9	semlex:minor:syn	coie (VF)|mue (H)
l-3962_12	semlex:major	 taisans (HPVFGS)|plourans (A)
l-3962_13	graph	teisanz (H)|taisans (PFS)|tesanz (VG)
l-3963_2	semlex:minor:gramm	C' (HPA)|N' (VF)
l-3963_4	graph	diax (H)|deuz (P)|diex (V)|dels (FG)|deus (A)|duels (S)
l-3963_7	semlex:minor:semsim	  prenoit (HVFGAS)|parvint (P)
l-3963_8	morsynt	 prenoit (HVFGS)|prist (A)
l-3963_9	graph	prenoit (HVFG)|prendoit (S)
l-3964_1	graph	Vers (HPVFGS)|Ver (A)
l-3964_2	graph	terre (HVGS)|tere (PFA)
l-3964_3	semlex:minor:semsim	tint (HVFGAS)|vint (P)
l-3964_5	graph	chief (HPVG)|cief (FAS)
l-3964_6	graph	anclin (H)|enclin (PVFGAS)
l-3965_2	semlex:minor:constrmorph	revint decoste (HPVFG)|li vientencoste (AS)
l-3965_3	graph	vient (A)|vint (S)
l-3966_1	semlex:minor:gramm	Que (HPVFG)|Car (A)|Qui (S)
l-3966_2	graph	mostrer (HVFGA)| moustrer (P)
l-3966_4	morsynt	lor (HV)| li (PSFGA)
l-3966_5	flex	li (PS)|la (FG)|le (A)
l-3966_6	graph	voloit (HPVFGS)|viut (A)
l-3966_9	morsynt	lor (HV)|son (PFGAS)
l-3966_10	graph	oste (HVFGS)|hoste (PA)
l-3967_2	graph	qui les (HPVFAS)|ques (G)
l-3967_3	morsynt	ot (HPVFAS)|avoit (G)
l-3968_2	graph	lor (HPVFGA)|leur (S)
l-3968_3	graph	mantiax (HPVF)|mantiaus (GAS)
l-3968_4	morsynt	 envolepees (HPVFGS)|envolepee (A)
l-3968_5	graph	anvelopees (H)|envolepees (PVFS)|envelopees (G)
l-3969_1	graph	Vindrent (HVG)|Vinrent (PFAS)
l-3969_2	graph	por (HVFGA)|pour (PS)
l-3969_4	semlex:major	 larmes (HPFGAS)|mantiax (V)
l-3969_5	graph	lermes (HG)|lermez (P)|larmes (FAS)
l-3969_6	graph	covrir (HVFG)|couvril (P)|couvrir (AS)
l-3970_3	morsynt	 comande (HPFS)| comanda (VGA)
l-3970_4	graph	comande (HF)|commande (PS)
l-3970_5	graph	comanda (VG)|conmanda (A)
l-3970_7	graph	ovrir (HVG)|ouvrir (PAS)|olvrir (F)
l-3971_1	morsynt	Les (HPGAS)|Lor (VF)
l-3971_2	graph	mantiax (HPF)|mantiaus (VGAS)
l-3971_4	morsynt	les (HPVGAS)|lor (F)
l-3971_5	graph	chies (HPG)|chiefs (V)|cies (FA)|cief (S)
l-3972_2	graph	dit (HPVF)|dist (GAS)
l-3972_4	graph	vos (HVGA)|vous (PFS)
l-3973_2	graph	Ce (HVF)|Che (P)|Cou (S)
l-3973_3	semlex:minor:syn	que (HPVFGS)|Quil (A)
l-3973_4	morsynt	 je vous comant (HPVFS)| vos ai comande  (GA)
l-3973_5	graph	je (HPS)|ge (V)|jo (F)
l-3973_6	graph	vos (HV)|vous (PFS)
l-3973_7	graph	comant (HVF)|commant (P)|commanch (S)
l-3973_9	graph	comande (G)|cunmande (A)
l-3973_12	graph	feire (H)|faire (PFAS)|fere (VG)
l-3974_1	semlex:minor:gramm	  C' un (HPVFGS)|C'est (A)
l-3974_3	graph	C' (HS)|Que (P)|Q' (V)
l-3974_4	graph	un (HPV)|.i. (FG)|unc (S)
l-3974_6	semlex:minor:semsim	franc  home (HFGAS)| prodome (PV)
l-3974_7	semlex:minor:semsim	 home (HFGS)|chevalier (A)
l-3974_8	graph	home (HFG)|homme (S)
l-3974_9	graph	prodome (V)|prodomme (H)
l-3974_11	graph	 molt (HVFGS)|mout (P)
l-3974_14	graph	deboneire (H)|deboinaire (P)|debonere (V)|debonaire (FA)|deboennere (G)|debonnaire (S)
l-3975_1	graph	Nos (HVFGA)|Nous (PS)
l-3975_3	graph	Dex (HVFG)|Dix (PS)|Dius (A)
l-3975_5	graph	boene (H)|boine (PS)|bone (VF)|boenne (G)|bonne (A)
l-3976_1	semlex:minor:gramm	 Caiens (HPFSG)|Ci (V)|Ca (A)
l-3976_2	graph	Ceanz (H)|Chaiens (P)|Caiens (FS)|Ceenz (G)
l-3976_3	semlex:minor:semsim	 done (HFGS)|tramis (P)|amene (V)|envoie (A)
l-3976_4	graph	done (HFG)|donnet (S)
l-3976_7	graph	aseure (HPGAS)|asseure (VF)
l-3977_1	graph	Qu' (HPGAS)|Que (V)
l-3977_3	graph	conbatra (HAS)|combatra (PVG)
l-3977_5	graph	jaiant (HVA)|gaiant (PS)|geanz (G)
l-3978_3	semlex:minor:gramm	en (HP)|i (GS)
l-3978_4	graph	alez (HVG)|ales (PAS)
l-3979_1	semlex:minor:gramm	 Qu' (HPV)| Ains (GAS)
l-3979_2	graph	Qu' (H)|C' (P)|Que (V)
l-3979_3	graph	Einz (G)|Ains (AS)
l-3979_6	morsynt	ailliez (HV)| ales (PGAS)
l-3979_7	graph	ales (PAS)|alez (G)
l-3979_9	graph	cheoir (HVG)|chaoir (P)|cheir (A)|caioir (S)
l-3980_1	graph	Ce (HVGA)|Che (P)|Cou (S)
l-3980_3	semlex:minor:syn	 laist (HPVAS)|doint (G)
l-3980_4	graph	lest (HV)|laist (PAS)
l-3980_6	graph	Dex (HVG)|Dix (P)|Dius (A)|Diex (S)
l-3980_7	graph	veoir (HPVGS)|voier (A)
l-3981_1	graph	Fet (HVGA)|Fait (PS)
l-3981_2	graph	messire (H)|mesire (PGAS)|missire (V)
l-3981_3	graph	Yvains (HPV)|Yveins (G)|Vains (A)|Ywains (S)
l-3981_4	graph	maintenant (HPVAS)|meintenant (G)
l-3982_1	semlex:minor:gramm	Voir (HPV)|Ce (GA)|Car (S)
l-3982_3	semlex:minor:gramm	mie (HPAS)|pas (VG)
l-3983_2	morsynt	venist (HPVGS)|viengne (A)
l-3983_3	semlex:major	la suer (HPVGS)|a nul fuer (A)
l-3984_2	graph	monseignor (HGS)|monseigneur (P)|monsegnor (V)|monsigneur (A)
l-3984_3	graph	Gauvain (HVA)|Gavain (PS)|Gauvein (G)
l-3984_4	semlex:major	a nul fuer (HPVGS)|la seur (A)
l-3985_2	morsynt	sa (HPVGS)|la (A)
l-3985_3	graph	niece (HVGS)|nieche (PA)
l-3985_4	graph	Dex (HVG)|Dix (PS)|Dius (A)
l-3985_5	semlex:minor:semsim	m' en desfende (HPVGS)|nel consence (A)
l-3985_6	graph	an (H)|en (PVGS)
l-3985_7	graph	desfande (H)|deffenge (P)|desfende (VGS)
l-3986_1	semlex:minor:gramm	 C' (HPVAS)|N' (G)
l-3986_2	graph	C' (HPS)|Que (VA)
l-3986_3	semlex:minor	  orgueilen moi tant ne  s'estande (HPVGS)|en mon cuer tant d'orguel entre (A)
l-3986_5	graph	orguiauz (H)|orgueil (PG)|orguiex (V)|orghiels (S)
l-3986_8	semlex:minor:semsim	 s'estande (HPS)|descende (VG)
l-3986_9	graph	s'estande (H)|s'estenge (P)|s'estende (S)
l-3987_2	morsynt	mon pie (HPVGS)|mes pies (A)
l-3987_4	morsynt	les (HPGS)| la (VA)
l-3987_5	flex	la (V)|le (A)
l-3987_6	graph	les (HGA)|lais (PVS)
l-3988_2	semlex:minor:syn	Voir (HPS)|Certes (V)
l-3988_4	semlex:minor:gramm	je (PGA)|ja (HS)
l-3988_5	graph	n' (HPVS)|ne (GA)
l-3988_7	graph	oblieroie (HG)|oublieroie (PVAS)
l-3988_8	semlex:minor:gramm	 mais (HPVGS)|pas (A)
l-3988_9	graph	mes (HG)|mais (PVS)
l-3989_5	graph	je en (HGS)|j'en (P)|g'en (V)
l-3989_6	graph	avroie (HVGA)|averoie (P)|aroie (S)
l-3990_2	graph	Mes (HVG)|Mais (PASR)
l-3990_4	semlex:minor:gramm	 ce (HPVGSR)|tant (A)
l-3990_5	graph	ce (HVGS)|che (P)|cou (R)
l-3990_6	semlex:minor:semsim	 boingre (HPVASR)|prier (G)
l-3990_7	graph	boen (H)|boin (PSR)|bon (VA)
l-3990_8	morsynt	lor (HPV)| vos (GASR)
l-3990_9	graph	vos (GA)|vous (SR)
l-3990_10	morsynt	 savroie (HPVGAR)|savoie (R)
l-3990_11	graph	savroie (HVGA)|saroie (PS)
l-3991_1	graph	Se (HPVSR)|S' (GA)
l-3991_5	semlex:minor:constrmorph	reconfortoient (HPVGAR)|confortoient (S)
l-3992_1	semlex:minor:gramm	Jusqu'a (HPVGS)|Dusqu'a (AR)
l-3992_3	graph	que (HPVGAR)|qu' (S)
l-3992_4	graph	eles (HPVGAR)|elles (S)
l-3992_5	morsynt	voient (HPVGAR)|verroient (S)
l-3993_2	graph	Dex (HVG)|Dix (PS)|Diux (A)|Diex (R)
l-3993_4	morsynt	 voldra (HPGASR)|voudroit (V)
l-3993_5	graph	voldra (H)|vaurra (P)|voudra (G)|vaudra (A)|vora (S)|volra (R)
l-3993_6	graph	conseillier (HPGSR)|consellier (V)|consillier (A)
l-3994_1	graph	Moi (HVGASR)|Moy (P)
l-3994_2	semlex:minor:gramm	ne (HS)|n'en (PVGAR)
l-3994_3	semlex:minor:syn	 covient (HPGSR)|estuet (V)|est (A)
l-3994_4	graph	covient (HGR)|couvient (PS)
l-3994_7	semlex:minor:syn	plus (HPVSR)|point de (A)
l-3994_8	graph	proier (HPVGAR)|proiier (S)
l-3995_1	graph	Mes (HVG)|Mais (PASR)
l-3995_3	graph	jaianz (H)|gaians (PSR)|jaians (VA)|geanz (G)
l-3995_4	semlex:minor:syn	si tost (HPVGSR)|a tans (A)
l-3995_5	graph	veingne (H)|viengne (PAS)|viegne (VGR)
l-3996_1	graph	Qu' (HPA)|Q' (V)|C' (GSR)
l-3996_2	graph	aillors (HVGASR)|ailleurs (P)
l-3996_3	graph	mantir (H)|mentir (PVGASR)
l-3996_5	graph	coveingne (H)|couviengne (P)|coviegne (VG)|couviegne (A)|couveingne (S)|covegne (R)
l-3997_1	semlex:minor:gramm	Que (HPVA)|Car (GS)|Et (R)
l-3997_4	graph	por (HVGASR)|pour (P)
l-3997_5	graph	rien (HVGAR)|riens (PS)
l-3997_9	graph	lesseroie (HV)|laisseroie (PS)|leseroie (A)|leroie (G)|lairoie (R)
l-3998_1	graph	Que (HPVGSR)|Qu' (A)
l-3998_4	graph	miedi (A)|midi (G)
l-3998_5	semlex:major	demain (HPVASR)|droit (G)
l-3998_7	graph	miedi (V)|midi (HPSR)
l-3999_1	morsynt	 Au (HPVGR)|A (AS)
l-3999_2	graph	Au (HPVG)|Al (R)
l-3999_4	graph	afeire (H)|afaire (PAS)|afere (VG)|affaire (R)
l-3999_5	graph	por (HVGAR)|pour (PS)
l-4000_2	graph	je (HPGAS)|ge (V)|jo (R)
l-4000_4	semlex:major	 peusse (HPVGAR)|quidasse (S)
l-4000_5	graph	poisse (HG)|peusse (PVA)|peusce (R)
l-4000_7	graph	onques (PS)|omques (A)
